,PC1,PC2,PC3,PC4,PC5,PC6,PC7,PC8,PC9,PC10,PC11,PC12,PC13,PC14,PC15,PC16,PC17,PC18,PC19,PC20,quadrant_PC1_PC2
CART0077_RNAseq_NgsRun1_001,72.42960902184521,76.73757448502721,43.49897942462208,14.985082991259963,-33.21933697037964,19.542755033810174,-15.251811417745788,34.15551217628394,3.4816832152242885,11.151432192719307,0.6867098047331406,4.398683413753338,-2.4573850736936387,4.5734567906333305,-3.6215227910350754,10.76294730058871,-13.101609877087007,17.274694294885876,4.727372818767084,-0.1871120725330956,Q1
CART0077_RNAseq_NgsRun1_002,76.32220860735285,75.84425808481174,39.610893969616754,14.2633552691882,-33.95588812954224,15.561813746692478,-15.169397735968346,33.75066113672135,2.772214597572182,5.252877552606356,-3.2635079590797207,6.982782127428913,2.4844666197715912,3.403680293375469,-3.423854370352686,7.849474521805912,-9.213820329357848,6.952980407033144,-4.980371673257068,-4.626483380209684,Q1
CART0077_RNAseq_NgsRun1_003,52.664846501119776,76.45407037830779,58.039183872463234,9.61897377891313,-30.323302046754883,23.336795431327946,59.606695557317124,4.430392304126873,14.159606671373984,-8.262077927852392,5.895322140218651,-16.886061697945465,-19.360271103213385,1.9709602313833434,-5.078893104275587,28.26442894717789,3.8639376636231093,50.83903130858684,29.750526990488314,-81.44350221264511,Q1
CART0077_RNAseq_NgsRun1_004,78.34105114816477,77.3542885062128,42.034712600206475,14.894445834095292,-41.20012858047179,8.279318429048542,37.903243377114634,16.29347653315058,-6.249287812073401,6.833149221659333,-2.75425377120721,1.7317262940274156,7.556976691172896,-10.88150586061052,3.8472808970772165,-1.6704114030885038,-4.691953367062644,9.063741972117372,-5.568609523948146,-15.855952704133154,Q1
CART0077_RNAseq_NgsRun1_005,78.21840589772843,76.40459137724199,36.09207985367979,20.260917488614428,-71.75213286873264,-5.007544484988097,-9.992160579471323,-12.913505527267327,-17.02118314395208,13.284308547458178,-10.964040788290504,18.30881937727409,18.403493197633306,2.2146800342241146,-1.94246004406071,-12.771568421006688,-13.384996537499122,2.7315016734449125,-16.54374462955573,-1.1937133405043665,Q1
CART0077_RNAseq_NgsRun1_006,87.7678298617785,84.47337737682638,30.3896129427034,23.4878257279933,-97.29884706225522,-13.010480480109026,-7.3567068119011845,-16.853476991068398,-43.27969729528501,44.24309065203027,-22.72340847049295,71.26376198702239,33.918775324518606,-33.636675770641816,2.420078479536806,-45.17979024000341,-29.334191053564613,-16.54670631137401,-23.951322408984826,-13.215000008368404,Q1
CART0077_RNAseq_NgsRun1_007,47.533037467862286,74.99857212691475,86.69563526592638,14.186059529384359,26.746039764181337,-4.964362541194044,-20.972180861813747,24.239535915818344,2.205461954208924,-11.346185915366727,9.31161325436659,-19.656722638711383,-8.138930247016877,6.124045577645769,1.792936294313408,9.863255355921025,14.869796429848789,-7.493991271219455,0.8170994004913426,12.220248713727107,Q1
CART0077_RNAseq_NgsRun1_008,50.563213145869696,73.7107097644849,85.32961210342191,14.703276047011599,27.64001651253842,-9.002538845084517,-23.024627350244103,24.130826819845556,10.449987523575663,-10.780665625909386,3.8659057997114274,-10.773296513938812,-7.047493734599776,11.074191210513362,4.41522947671475,9.137193232197676,6.256448336800958,-8.197157822867068,-1.9378217478123207,23.359624415257258,Q1
CART0077_RNAseq_NgsRun1_009,38.91440440427795,70.54676837365037,93.20845071378838,10.903706324515372,33.24907298606058,-7.241598008656641,23.29790867370295,2.6437915343229275,10.645771919550606,-17.321295256809034,11.781814790793867,-22.61366408980569,-11.371767281764587,5.0899597156574625,1.7401166776640653,7.179280434198162,17.66053968614101,-11.95052054050711,3.763062243229635,9.673992663188885,Q1
CART0077_RNAseq_NgsRun1_010,50.37031643785812,72.10339266779002,89.75400387626827,15.003306263746417,22.314721065215192,-11.708634190382728,21.570291040725614,9.20698029782852,1.7148819048456772,-15.418485723271443,10.985037732576945,-17.99643584128955,-10.857808097755658,0.9113334187079151,2.3649909303093044,4.247909941140166,13.77990941442761,-6.202686978908805,-2.0518997348922285,15.897284617415364,Q1
CART0077_RNAseq_NgsRun1_011,58.34933598369734,79.92993103757966,80.54421438821194,21.09325339171944,-5.785104038780232,-33.43988122700893,-18.338381057191615,-16.78540380971528,4.681112475665509,-10.164401602287548,0.9263107105608822,-13.269645389530414,0.8669275071957031,8.278893705705507,7.328422297612901,-6.683048437346121,6.758478553102732,-11.272266041938797,6.84490475278439,25.682390140314435,Q1
CART0077_RNAseq_NgsRun1_012,57.88955734627781,77.6225319538096,79.94959190683157,19.409968081777844,-3.207371782984204,-31.583395318063364,-19.405010802482753,-13.334468404780187,9.857441815143714,-5.562944961730515,-1.2262993416890922,-10.581328945546833,5.843487871115432,4.121448795427272,3.068724445630766,-4.781890539871824,6.016156662425295,-9.246892974120275,0.31201499119554266,23.42240889498357,Q1
CART0077_RNAseq_NgsRun1_013,-130.67916313829815,42.79094183076136,-11.321982069149374,34.28027319462574,18.079819545117008,46.38153451176986,-21.61097612399173,-9.635737050954111,21.72155429377781,21.46203019178236,-2.063523870797424,11.875928309017016,-2.651410916015126,6.301203691513434,-13.1932000130683,11.235482904445732,16.16218271202436,-5.435798111146826,33.759203616438654,-4.466497705380158,Q2
CART0077_RNAseq_NgsRun1_014,-148.3024014746368,46.45640482329494,-30.579917436841612,39.161121873088824,6.529519188003702,28.171321438726057,-15.877282785916822,14.114312981651553,10.428667069032045,55.70049520038802,-42.85588510122576,29.530340325936486,-24.592502278401852,21.846970948279765,0.10918670573765901,99.56550981543458,26.2961560431328,-18.005062429522404,-49.05775758632748,-3.5373095214123738,Q2
CART0077_RNAseq_NgsRun1_015,-139.29838816442887,42.648995778870926,-18.132061490516282,29.102436574992193,5.337747135738464,21.39744807113423,30.54553709910186,-7.254659287621241,9.29998781216954,13.57308625072912,9.60205634288278,4.045601244284308,-15.065090184328865,-9.778251209252332,-22.889778549431092,-7.142411749537382,-24.691682801321708,-5.37002997311502,25.885380887917524,-27.99239052504861,Q2
CART0077_RNAseq_NgsRun1_016,-155.03749451061276,43.129207917162,-36.30819179369238,34.33813101284491,-7.139548589899597,4.918556225601971,32.633188609046556,5.848036499181739,-5.874849550841933,-12.89949486807266,-23.7731867645799,11.183257057945317,-27.945588217821243,-14.829515141798863,-21.167948256092128,-15.387078187710221,7.484142764675862,113.76919372213749,19.44182897406154,91.3077221751782,Q2
CART0077_RNAseq_NgsRun1_017,-150.29687355636065,45.43146912969998,-33.96155503458019,41.570076480959166,-11.76533559987192,0.15968547414514944,-9.448851443992844,-24.770435412555088,5.500327071736401,4.6311481575323326,-30.18107695390398,-4.7274903908919965,44.48588479521913,4.067828916221114,-40.623080988464814,9.370913022881025,-27.3594104536982,-36.65776739713349,100.61578969039022,6.212076057920073,Q2
CART0077_RNAseq_NgsRun1_018,-162.82294063488047,40.6027758563307,-41.267294328386896,41.15628250764204,-30.262479181346954,-6.951078505677358,0.3272714285503005,-17.90357536868194,-49.18792578161719,-96.44762402418854,-39.57829713180904,-0.6659306891825276,-34.53879169839133,104.27266831225553,-12.25701080693245,-8.346219998406342,-46.89962508451592,-20.41280073965802,-30.660493364259672,-8.36004654710675,Q2
CART0077_RNAseq_NgsRun1_019,-144.10352749250043,42.757483374137024,-20.036442211748593,36.366917777621296,30.961175939321684,19.455791296933885,-22.750996619728916,-4.391583321342889,17.046238974943254,31.398848682487976,16.323718870909477,9.632115080502897,-9.415073662761062,-27.68677583367087,-7.426878671809458,7.628904454831055,-21.635539118891593,-28.433215940570946,-17.661696313233115,-5.413560128845834,Q2
CART0077_RNAseq_NgsRun1_020,-142.8548546081429,44.169177519205356,-19.13065987222588,40.587611930995514,28.840859004576462,24.719143820715058,-26.83643445682613,7.464047061497457,2.8485936878409506,35.63511445292711,5.883776276360131,13.329660788889772,-8.4849870414138,-2.622585998506952,7.3380598022195525,-1.0803467459672391,5.442346452110842,21.190891440800876,-0.0007041711258598395,3.9583930041605244,Q2
CART0077_RNAseq_NgsRun1_021,-147.83610739250128,40.435100249626,-25.208480833439282,30.15169240984423,24.01281503196123,2.7394252352180697,20.76892261707682,-1.184137316501705,20.514518910501938,6.446274553493556,28.040362234588194,-0.9318478985086187,8.581871030413339,-14.76867440427671,6.304076169383987,-28.999170333740896,-1.9221030489456583,-15.382063897918563,4.441790406363452,-41.770802373662534,Q2
CART0077_RNAseq_NgsRun1_022,-151.17499348465995,41.38434053708862,-29.733208493272812,36.07754508860901,15.830518890915911,3.661218734428235,21.450519656121706,7.711305205214995,-7.888499578922606,23.99568792951681,8.341468926043673,-9.147196820334067,-80.10410514465266,-29.302158302478052,53.82028770451053,-92.23774714665704,8.404822851765259,-29.516666019937706,-19.970617215005245,14.209506449569057,Q2
CART0077_RNAseq_NgsRun1_023,-166.05338259612404,43.504219702422375,-46.61727768890483,40.720660717346675,-3.1941400194843212,-32.61162170280923,-5.819404066329131,-3.0053061379190784,-10.58024189179783,-53.625260536019105,36.431038007082584,-36.36083367191192,63.88256264979388,-54.632573192775396,105.60242703536211,54.51480613068557,-43.30470550518169,13.230040335030811,-11.578353312427048,1.7457120114661548,Q2
CART0077_RNAseq_NgsRun1_024,-162.49819690889277,43.297864799103706,-41.86911386791843,39.77349663511984,-3.580567601779323,-33.64451172998663,-6.908697028765361,2.1347219897213767,-4.099182302948647,-19.897979955145704,30.26570485200477,-27.364790794028703,82.33899731295622,12.9180290753438,-59.12216437408041,-40.01344307901096,102.2469656995143,5.7517177540652,-45.406855735714785,-25.075823869823438,Q2
CART0077_RNAseq_NgsRun1_025,-38.294347144168746,-54.47951136462747,46.28989869547607,-60.811043748383966,15.216014084257315,70.80311775576848,-31.028276605678645,-17.15319871196698,14.54459807747469,-5.432002627928927,-7.119809564628842,-1.5935822961472708,15.743188618977564,2.8120243373015135,-0.8661411585888016,-4.984601884969885,-9.493014684510552,7.433019599810363,-4.487534242121188,4.678696908725014,Q3
CART0077_RNAseq_NgsRun1_026,-48.90148795561819,-46.07597611240602,48.40559146917486,-58.24684215656279,17.41857848417094,67.53066127271926,-29.397908418096723,-16.442757529413154,15.453583489538984,-2.580499910541756,-3.6488975040814684,1.9098269295247061,15.156880338256133,4.790215745888743,-1.7415076640500107,-4.549917117414991,-9.840292070038645,-0.42399179158630695,-11.024847979217988,5.993032448822901,Q3
CART0077_RNAseq_NgsRun1_027,-49.853755472077076,-54.679166776373144,39.40555908879992,-67.43109676573181,0.8603892630236295,44.51384200333574,31.265302878670468,-21.5824669491531,1.5541700942491103,-1.43003595092553,7.352057859136241,0.6529516546260997,7.183309697764439,1.843339212064333,-0.3550453123758085,-4.2566561104353084,-3.5801097592793503,9.611451259736736,16.1819531344994,-2.3484908847768344,Q3
CART0077_RNAseq_NgsRun1_028,-73.6954837856892,-53.31858662373272,30.29873944638239,-69.29495517752459,-11.813989374008935,30.056568949478777,23.65852809939646,-12.789335888296444,-16.160540981460166,-20.12184214794457,-14.855163075030614,-0.011061656402537538,6.251388661956575,-18.63865192534044,4.1249897740661945,-18.020400517239175,11.450549058694097,16.212141607740666,-17.1848612425585,-10.103855217795891,Q3
CART0077_RNAseq_NgsRun1_029,-73.18421464006126,-58.484860013190215,27.74294918989914,-65.73180075242296,-30.178937470488318,18.108308851412314,-17.798438081499167,-43.17911943796336,-11.62033230963864,-3.761717714091065,-18.994890349584093,-17.888951265807574,9.937503917877729,-11.102992568727588,8.955394896634255,-2.154829147159588,-6.523105426436254,-1.8978459962249792,5.446366171461494,6.75742963164774,Q3
CART0077_RNAseq_NgsRun1_030,-85.62950922541232,-64.82523592760411,11.025495355086544,-63.62360522992532,-61.00795702264111,-22.489899254780976,-16.3503257344274,-10.01115546183737,-51.808459103445976,-34.92390434410419,-62.58754152033766,-1.523553281805819,-47.09641485560154,-68.55732435894514,7.566832523625297,35.87448004886625,74.0749669559886,-24.590727789737922,14.938500731854452,-15.34831252812591,Q3
CART0077_RNAseq_NgsRun1_031,-47.95808877880203,-51.198096498190566,52.13658303069989,-55.71346543766745,37.28428456774923,42.82850714640036,-31.80195576823462,-12.02201491861753,-2.3313783124059113,-2.3493743010461805,4.319182943120976,-0.10436138621725746,9.595832675709453,-0.8292672023233298,-2.3144767112700673,-9.748854402711908,-5.613641718131955,-1.5145856288453439,-14.907205255316509,0.37063261733884956,Q3
CART0077_RNAseq_NgsRun1_032,-78.47331787426482,-47.600957491033185,38.02978604862088,-68.94727081036774,22.099358870792912,18.111283745236133,-28.807345121328378,9.994974492860608,-8.813778240310777,5.062860050464912,18.0345416709843,7.852164284183653,-2.8648731693028293,3.8017745295131715,-3.6941626216334567,1.9901667911022949,-8.297741024469207,-2.648404293132035,-18.15975891497853,-2.347859914950752,Q3
CART0077_RNAseq_NgsRun1_033,-64.00994869991631,-45.10827516067013,42.537591922105705,-63.14393007953333,26.53694303872519,13.30065625429516,25.178359345018677,-12.064265744344224,-0.42104476073563046,-1.8978790596390998,18.837301440950878,6.515101676185655,9.276644002889146,14.52786144001846,-1.0956864161011013,-29.239049845472913,-20.39144869195448,1.533156555530824,7.950699305562678,-13.629750558046322,Q3
CART0077_RNAseq_NgsRun1_034,-110.03849446790984,-43.79592807387444,8.289458690809777,-80.73484827005113,-12.324774481514073,-57.20921664949807,47.58061241520898,60.82089372328621,-27.979875478549694,-20.126180431490496,81.03592413230608,104.94641826349964,9.11175864220613,11.51687216282111,-11.079942770056727,28.902253146525258,6.999062456546729,-24.25196758471076,24.729231346234563,34.62887938866584,Q3
CART0077_RNAseq_NgsRun1_035,-105.04962472373636,-52.51692552856342,0.8062389168127506,-76.21475650122034,-30.100344591066833,-87.22157803906924,-7.943437123411779,15.648648233635756,-62.06556841058504,103.22972718070734,21.29539426792162,-74.8224711590576,-5.661047925652835,57.46900221351408,13.226648020229375,8.173723904009591,-10.929185446499533,30.52893701880653,4.9219148415863545,-7.60594646536186,Q3
CART0077_RNAseq_NgsRun1_036,-110.22306216135422,-50.270283141868084,-1.1261786534951055,-75.82855037535525,-35.18000545019797,-118.01036855029975,-5.362369199770611,56.54967845617245,127.00882741421911,-11.6796039148848,-52.6042526091907,-6.058804161289756,-11.088949807158082,-15.31355219289507,-19.62933957281998,-14.71464240179933,-33.96684050114288,-1.2948478345711012,-16.990826928905776,-15.043848541494773,Q3
CART0077_RNAseq_NgsRun1_037,63.85696376008084,-109.24011284841681,-22.25186119274519,37.97584098507418,-15.005978075243755,26.499508724618206,-17.944666048040105,32.9497510920449,12.346016412728686,-2.3241207718076473,3.710226199544166,-3.426304751300683,8.561233393487667,-0.13271798559357872,3.156817759591159,1.3474208238388699,-3.0112146912532434,11.507544854620773,-10.3387191444484,11.182414292985987,Q4
CART0077_RNAseq_NgsRun1_038,59.693844629875215,-116.97977610316609,-24.076135681433342,44.79203321450896,-24.884854553332556,30.55527870326371,-22.270145828747346,38.942647606734916,10.924866187588977,-1.835168825338819,-4.201272181585418,8.081413016034368,23.46404089510732,10.579097877066058,2.3169834684275927,-6.928245475434181,-11.155913852295779,17.244155160920283,-31.16472505960139,19.43973988501278,Q4
CART0077_RNAseq_NgsRun1_039,67.79862532007726,-103.16876759816932,-13.70815911657501,38.083591121138646,-12.45440341523871,14.598113480679197,47.85392442912614,0.6847571701174149,11.105430964619385,6.705367066010369,-5.535650627897695,-6.471774303804045,18.04590930440804,8.972893492863829,3.2296914129423144,7.098227322752331,2.329222145644786,13.155615342940516,-10.355055052209057,-3.0620617919093984,Q4
CART0077_RNAseq_NgsRun1_040,53.87136723870553,-122.84200916477684,-6.69233354077486,58.4794332647107,-22.05424342990818,15.305691159587205,44.301636796033314,7.054559257322578,6.2365361757941855,8.02710142415456,-5.450817550333797,0.44768711212648277,7.675306873738814,3.3038967330241413,5.529414234931778,4.313063416506776,-3.17026712266179,9.274098273931918,-7.420271404568603,-11.164893867293218,Q4
CART0077_RNAseq_NgsRun1_041,62.75670723004327,-107.67300009938796,-24.71448876176399,32.097969116931345,-39.91989798167318,1.2712728667723652,-8.660551161286755,-24.182006975333955,12.080723265186235,7.943143688827337,1.4044950610310771,-6.414109867004796,8.89683291586273,4.477979898026109,10.678470747408403,1.416455043099388,4.0026866008898265,-0.8251954871548683,8.7391350190802,23.85435951326098,Q4
CART0077_RNAseq_NgsRun1_042,42.603214370651855,-111.10796210888469,2.4175722754224873,36.21036797384562,-38.246739179319235,2.8521443268457123,-9.391603782440905,-28.82499364366182,15.041822658049771,-0.11660430309009559,0.03137513501091887,-8.970172121711443,10.956324406299805,8.67899742146486,4.008986550513742,0.6323964558235223,4.006926711424146,-5.490520446205985,10.17356677361446,15.599483653007521,Q4
CART0077_RNAseq_NgsRun1_043,61.84550304389006,-104.97856074858493,-0.8093965786695362,47.280905676356184,30.84480613596419,-7.6750686463031235,-26.182500620520464,25.257982924927376,-10.984279550452099,-5.098846228192213,8.631414718721004,3.4257535589287564,-13.414954634802863,-5.229481073700164,-4.886632532253112,-0.9330124677466701,0.028993603821963653,-3.125662389906421,-6.529449564413086,-5.286058011638617,Q4
CART0077_RNAseq_NgsRun1_044,57.16624028316202,-109.60232634648638,1.1698919907125844,54.192900316233505,22.159672640352504,-6.490770424862992,-27.340720860178774,28.583777008367772,-9.412302546300602,-1.0060823518558324,6.090395562055124,6.5664003004799385,-10.357390624769582,-4.3407749323654565,-6.602092700279174,-1.241076101393232,-1.7955885365716409,-7.725528667345377,-7.351125719377421,-5.115970665861085,Q4
CART0077_RNAseq_NgsRun1_045,68.67416468728453,-95.56332876460289,9.103509328073374,45.399930431037845,40.24636489659201,-22.530577518624312,31.174055986049506,-1.936785545364576,-8.2710378165589,-4.204060337108832,1.8426483223127779,1.082560982641849,-13.287498471690544,-11.615706430543392,-3.4057583413295833,0.3844595079082263,-2.958164154000723,-7.158613848755647,4.835417495245372,-20.81876934858923,Q4
CART0077_RNAseq_NgsRun1_046,52.19373250746397,-118.07887774463737,18.957608591532757,69.36138465727514,21.269173549246762,-14.213177505545115,28.036196445349237,3.7508170940832026,-20.037524246928204,-10.109682645027622,7.973527264947542,8.38088639691422,-22.23060674760271,-7.4236781764030635,-7.390871561593903,-4.052948785065034,-2.5542876959654413,-5.73581811727782,11.947563978512264,-24.755704788897706,Q4
CART0077_RNAseq_NgsRun1_047,68.50055227603903,-92.98536582756333,-1.7813904758848105,42.65843291666123,18.135424170647447,-44.12603917366474,-15.680289867962951,-34.51872785795452,-1.8384679640229136,8.509295354911416,4.016172753810129,2.591891238776045,-9.960863506770968,6.403852908609741,-1.0631882988604666,-0.18160223209596843,4.813469507825213,-3.0351144385574624,26.31136260129813,-1.5240508080759256,Q4
CART0077_RNAseq_NgsRun1_048,49.71959133101118,-101.9692724966911,23.61934978443442,48.119449122293624,9.865892735439886,-34.37630269865951,-14.980787232565781,-34.2897611402871,0.7488446005526131,-2.6136077849075368,5.411173110152831,-4.490570265080925,-14.688824584186657,-0.20621482284543302,-4.198005847017995,5.32981391756892,13.917085170255366,-16.394631137077614,21.228092123634973,7.965388336519958,Q4
CART0077_RNAseq_NgsRun1_049,115.3479243580775,39.292557632838644,-92.7537105244552,-39.263007770090404,-22.438450873357365,42.164705644949315,-31.51625736279435,71.04802701115447,-11.865766021613435,-3.539273715261317,13.085768543161759,-27.16854893708173,-9.484013679637043,18.156934118991764,14.426109994718187,-9.359193541091765,4.500392879172177,-29.055843467761765,46.87286044353746,6.125171140279491,Q1
CART0077_RNAseq_NgsRun1_050,116.0709180676584,44.822554968667944,-85.25667664959967,-37.527307964687196,-23.679027951966496,33.422838074581044,-32.27270267606624,58.804411663185135,3.294113118204626,-17.637539168328203,-2.3868066042570675,-18.21541601496471,5.134275636574955,6.563363981687471,7.3446665273036125,-24.239048129898705,13.10560333224316,-12.79464282735487,23.231288995847564,-4.376649573918039,Q1
CART0077_RNAseq_NgsRun1_051,103.39931503649026,38.476480760429546,-70.0525488073194,-34.552900709556845,-7.165969182910115,23.948930995660316,79.21955964673607,-1.0992741390326393,12.93074077371906,15.183357661039809,-15.52683093129253,-27.927151142161826,19.64162691719214,-15.058397036170014,-14.549302557286072,12.680891646553638,25.207261490891177,-41.53706877251589,-13.592569130875654,52.199450111556224,Q1
CART0077_RNAseq_NgsRun1_052,87.77500605897464,27.376832213812786,-59.01744082955815,-42.89956768975132,-5.503560099822042,31.716488443881257,71.06840568766305,6.4149631027914,1.8631757144103496,1.2339806121647832,-16.063868953434525,-27.996264146729867,2.3498177185993456,9.5258582789446,18.268033990555924,-1.92538717457681,-3.283135028058376,-24.82860783998102,-4.935246391288856,1.3141505581915458,Q1
CART0077_RNAseq_NgsRun1_053,108.3264905005004,48.152324675388535,-78.91102751986577,-30.53456061137184,-52.38471169769927,2.9781364617525137,-23.309673342699995,-57.62024988857067,2.9466195335623695,-16.60615606386628,85.99700755574483,-36.166318031996816,-54.952147439389066,-45.63779936759688,-83.3338438236683,31.197316829391575,-39.55897987176061,3.3996119438854286,-36.62238268495732,5.189733604299889,Q1
CART0077_RNAseq_NgsRun1_054,100.3544321030631,47.327008039594936,-72.16863925781864,-37.2180764182791,-38.597053312874046,-2.1795942214525494,-20.706377467976846,-68.35328029354024,66.38799215836306,-6.689607019367135,40.21096304697973,52.32259846250125,-29.921409934284398,55.04829477295505,67.16196121770355,0.3742304198639975,53.487632030929895,22.942718752948107,7.399509083134923,-20.589321857523466,Q1
CART0077_RNAseq_NgsRun1_055,111.86780740704272,43.240599008225246,-63.30667067600149,-29.68352554323105,68.43468615655897,-16.146580375068954,-37.97107599537282,27.447123295038114,-31.717369277280277,-19.84492041615309,-26.38968132502148,24.319441731532024,4.58807637715986,-22.88566715881778,-11.919675156208422,-4.3574060086963256,-0.8033621413679667,54.499221770309255,11.293901895850231,-47.47193957193556,Q1
CART0077_RNAseq_NgsRun1_056,105.31827596435096,41.45816879361774,-47.860182653939944,-29.42175741544953,55.40620070120473,-7.456562825914621,-36.9777021365905,27.837101572555994,-25.39724270225145,-7.359850164298472,-9.054991627738247,3.1169809786372973,-1.4612112008263782,-14.4287514193243,-3.2122154279872754,-3.050285086859698,-6.8767485519933365,4.088894075743188,-7.753269788129516,-5.513206381332999,Q1
CART0077_RNAseq_NgsRun1_057,98.15567941089319,37.04873824532871,-32.368305481629775,-23.538686876029395,68.48925179407497,-21.32674570472857,40.243542703495166,-10.88707129399263,1.2403016496039094,10.206188069962609,-19.29033466598479,13.196592055712115,7.875433311918544,-6.353712108394143,-5.187343183898814,3.3691714570948066,-16.25656959648097,-2.5348546656039566,-4.784989338717235,13.113716838065598,Q1
CART0077_RNAseq_NgsRun1_058,80.86588528551432,29.48614184799066,-32.097259691563515,-33.45134707017696,71.47466512505504,-9.501170397042305,56.32517291510489,-17.814559650882632,-13.22610990615678,8.31849677836873,-27.073935769030555,9.03636524006975,12.609641797478044,20.885543114672462,0.31957569573329964,18.583085869902515,-8.735979592170164,-4.7853067140904795,-33.75929335229215,-4.8878088348536926,Q1
CART0077_RNAseq_NgsRun1_059,105.33354437310993,45.67647749732344,-45.10907462715952,-21.931481273122913,42.31762607247734,-46.3728044069377,-22.717856420477645,-52.159434602521785,-8.311432123944956,13.834229005437596,-19.106163808016692,6.378166452396932,11.455851208964738,-2.957312900378641,9.202090098416859,-5.383507098570132,6.7057153865450925,13.74488173812438,21.595802296091637,5.1810924978262936,Q1
CART0077_RNAseq_NgsRun1_060,95.41005782325755,41.39723122992318,-37.15512890085443,-25.004271081482376,48.023443265581975,-42.39875888437554,-18.83298940807103,-52.95096585850139,3.406964925052659,3.15368611647241,-18.346020510203257,17.11878382933786,16.627090951285986,2.323564418061157,-2.3964602019929284,-7.673472851137381,-15.5362232662962,-4.205834674815537,-11.423762398652999,12.849963432667826,Q1
