,PC1,PC2,PC3,PC4,PC5,PC6,PC7,PC8,PC9,PC10,PC11,PC12,PC13,PC14,PC15,PC16,PC17,PC18,PC19,PC20,quadrant_PC1_PC2,GSM,title,cell_type,hours,guide,donor,effector_score,reg_score,d_eff,d_reg,dt,step_distance,speed_per_hour,angle_rad,PC_quadrant
CART0077_RNAseq_NgsRun1_001,-37.72327747554683,-31.70553849094771,-12.1236232581164,-2.744340263866308,-15.144211651992425,-9.991623527506368,-3.4129021843023546,7.700148235585184,-5.771140619055518,2.7428329720928772,-2.0439102875109603,-10.017314147297675,1.1430264610960283,-0.9093625420677728,-3.475107784305985,0.2258160094119025,2.827026832253873,0.3018706665970204,1.0097623520962509,3.6260649166197023,Q3,"""GSM8252546""","""CD4, 0h, SafeHarbor, CART0077_D1""",CD4,0.0,SafeHarbor,CART0077_D1,-1.012197615498963,0.24800895063350228,,,,,,,Q3: Eff- / Reg-
CART0077_RNAseq_NgsRun1_002,-39.836362876302026,-31.833348423446605,-10.90089238602024,-3.3124766711086524,-15.591511141079652,-8.81336679374536,-3.7502313204748536,9.61963683483392,-6.636605784976696,4.066675383495473,-1.9716047885849064,-6.531205478162042,-0.0232059070580842,-0.3790028382095945,-2.7645602944082177,-1.4215121093104672,3.0585805775139385,-0.1988130316658873,-1.1584500945672576,0.8544158546184156,Q3,"""GSM8252547""","""CD4, 0h, RHOG, CART0077_D1""",CD4,0.0,RHOG,CART0077_D1,-1.0488414697755732,0.43260138660517244,,,,,,,Q3: Eff- / Reg-
CART0077_RNAseq_NgsRun1_003,-31.63776607627113,-29.746143813339444,-17.107665663120155,-0.7233038341183783,-11.271250804310608,-9.780588215218897,12.959360536542317,-2.573609849709361,-3.644878130504407,-2.8814987135247487,0.3642301825393381,-6.581077852708363,0.4843684451348619,-2.013060776630124,6.920206557563933,3.2723205158765367,1.3779143526244544,3.038072067279994,2.8450016805041347,0.0941774719239015,Q3,"""GSM8252548""","""CD4, 0h, SafeHarbor, CART0077_D2""",CD4,0.0,SafeHarbor,CART0077_D2,-0.8474007397388064,0.053120777683884166,,,,,,,Q3: Eff- / Reg-
CART0077_RNAseq_NgsRun1_004,-40.14039934173828,-31.899785534799697,-12.06834262351713,-3.726442926458179,-14.29402343357007,-6.180032379641874,12.564387182238788,3.884864981840429,-7.805759372700971,2.527802443011245,-1.077855302269077,-0.6917263979208607,-0.8890210609905882,1.1106093893542015,5.16516845481285,-0.7205861329978309,-0.3222626871716175,2.7164716383976475,-4.457067828314265,-3.1412890831006517,Q3,"""GSM8252549""","""CD4, 0h, RHOG, CART0077_D2""",CD4,0.0,RHOG,CART0077_D2,-0.9961346471074439,-0.08248396173090286,,,,,,,Q3: Eff- / Reg-
CART0077_RNAseq_NgsRun1_005,-40.540445289319806,-32.85684694691389,-10.222355495941155,-8.728794779161785,-22.326515312887256,12.585187254434096,-1.9353154360070275,-1.5526736219334352,-10.996653202321216,2.630126722892924,-2.2411608819925086,4.938064608712349,-0.4181287496331005,-1.789088862003476,1.146515652412791,-1.3286352750091164,-2.439896052699036,-1.1861686534427538,2.0943336780348325,-0.5158219393700688,Q3,"""GSM8252550""","""CD4, 0h, SafeHarbor, CART0077_D3""",CD4,0.0,SafeHarbor,CART0077_D3,-1.177431584265696,0.6507192978618566,,,,,,,Q2: Eff- / Reg+
CART0077_RNAseq_NgsRun1_006,-42.67839370203198,-33.6806124327007,-8.490316175736124,-9.91445163281847,-23.02448729708865,13.45105571532852,-1.6451041490359846,-0.160974121243852,-12.678372882319035,4.04061922506094,-2.8001679717688117,5.247741906936122,-1.2225442926983077,-0.3345963505769981,0.944018144942613,-1.22885778442501,-3.70192544968071,-0.0150126342497585,-0.6365869638766102,-0.4645259634458285,Q3,"""GSM8252551""","""CD4, 0h, RHOG, CART0077_D3""",CD4,0.0,RHOG,CART0077_D3,-1.2267425373119605,0.716748111567066,,,,,,,Q2: Eff- / Reg+
CART0077_RNAseq_NgsRun1_007,-31.642211648404583,-32.175578005956446,-29.17796868371653,1.4262029774661291,10.986252369828874,-5.465948541321624,-7.172648572502677,6.037853367640824,9.125841106770444,-1.136034873484587,1.1350227208317916,-3.75623121364219,0.2052163261611626,1.11080266766171,-3.5972761612371618,0.3121187045971929,0.862791763304599,-0.6901627574827593,3.4656383207193473,1.2643214376563596,Q3,"""GSM8252552""","""CD8, 0h, SafeHarbor, CART0077_D1""",CD8,0.0,SafeHarbor,CART0077_D1,0.5448802312919947,-0.22634419580036588,1.5570778467909576,-0.47435314643386817,0.0,1.6277291938461003,,-0.29571112997157567,Q4: Eff+ / Reg-
CART0077_RNAseq_NgsRun1_008,-32.65828821589458,-31.931318683130183,-28.74690190501142,0.3829259082767261,10.45164747540921,-5.020971585179704,-7.247643797535273,6.650944081771057,8.675373896771184,1.1835117200837684,-0.2637665073892033,-2.782225147741516,0.5173133544671764,0.6310774805659289,-4.151155490211934,-0.5971579071754484,1.714987008236693,-2.1524604393122018,0.4957458920932838,0.2967915175382601,Q3,"""GSM8252553""","""CD8, 0h, RHOG, CART0077_D1""",CD8,0.0,RHOG,CART0077_D1,0.4983521666323271,-0.17981469292114133,1.5471936364079004,-0.6124160795263138,0.0,1.663989664331928,,-0.37690103674384023,Q4: Eff+ / Reg-
CART0077_RNAseq_NgsRun1_009,-29.26579691895544,-30.783134775773824,-31.71479402463257,2.0110333157521367,12.715442856315857,-5.01825039652398,9.143010219542656,-2.1864710701117276,9.588445217691833,-5.51469844731678,4.430138478191537,-0.5080514092075267,-1.042507355589785,0.7119143608071726,5.357102122042575,1.6053053795421284,2.179176343523129,2.791499667669891,1.2392208157898688,-2.3341993927028377,Q3,"""GSM8252554""","""CD8, 0h, SafeHarbor, CART0077_D2""",CD8,0.0,SafeHarbor,CART0077_D2,0.5568095958709439,-0.0003710348992325141,1.4042103356097502,-0.05349181258311668,0.0,1.4052288214545967,,-0.038075464174484756,Q4: Eff+ / Reg-
CART0077_RNAseq_NgsRun1_010,-33.2799297109673,-31.734185501312098,-30.53841513097168,-0.4025077058064942,10.227789184206872,-3.5163701848613043,8.91522485889397,1.6184289147675048,7.885990949119802,-1.4757860622480088,3.291892891481989,4.070739556547769,-0.2174884906142989,1.9533775781161975,4.311736493279216,-2.3508344673152872,0.7682971962792722,0.8058070578860317,-3.9569886907845535,-4.678863672358189,Q3,"""GSM8252555""","""CD8, 0h, RHOG, CART0077_D2""",CD8,0.0,RHOG,CART0077_D2,0.4521428717352552,0.11065514734536527,1.448277518842699,0.19313910907626813,0.0,1.461099068181189,,0.13257557516666935,Q4: Eff+ / Reg-
CART0077_RNAseq_NgsRun1_011,-34.95982081369544,-33.26641165134274,-26.894207728972884,-5.324513040453626,2.422531636242047,15.663173885312988,-4.843905087547353,-3.722877295856631,5.572557827215432,-0.8000863967973608,-1.4857632483673626,7.119958448143015,0.4700261563357762,-0.2399063247207822,-4.395993860832653,1.3250906744923765,-4.306829619093328,-1.9149765067128293,0.3284102061039988,2.40253729362161,Q3,"""GSM8252556""","""CD8, 0h, SafeHarbor, CART0077_D3""",CD8,0.0,SafeHarbor,CART0077_D3,0.3590849771254604,0.5077931384217416,1.5365165613911564,-0.142926159440115,0.0,1.5431497109747987,,-0.09275269799881679,Q1: Eff+ / Reg+
CART0077_RNAseq_NgsRun1_012,-35.48366272447147,-33.7217815200187,-27.319055217474343,-5.743220897269467,1.968060319502704,15.806412138589916,-4.887628993769562,-3.348327191291294,4.926141461104552,-0.0850560948038327,-1.9245832011404351,7.646852164688704,0.6007010726866108,-0.2990005410331842,-4.033005211489397,1.535674897725449,-2.776903998940894,-1.7100450972551484,-1.093347069953497,2.3450778432004133,Q3,"""GSM8252557""","""CD8, 0h, RHOG, CART0077_D3""",CD8,0.0,RHOG,CART0077_D3,0.2978520690642664,0.1614354489994991,1.524594606376227,-0.5553126625675668,0.0,1.6225784625093984,,-0.3493007514959104,Q1: Eff+ / Reg+
CART0077_RNAseq_NgsRun1_013,66.30182192023958,-15.139880430272957,4.645059332150402,-9.138850299540213,1.1443532491807649,-13.10454182792994,-7.986229185332796,-7.655430407605359,-2.1087476731079224,0.4386845600281001,-1.2383501352742048,-2.224723936412959,0.9117397281760036,6.186298528402968,-0.8059376206385598,1.3079891385092186,-1.0504967841434674,-3.768298426041324,3.4028683031856284,-1.252716006163329,Q4,"""GSM8252558""","""CD4, 24h, SafeHarbor, CART0077_D1""",CD4,24.0,SafeHarbor,CART0077_D1,0.38215949519463516,0.01619574537186963,-0.16272073609735954,0.2425399411722355,24.0,0.29206790480964867,0.012169496033735362,2.161725936735808,Q4: Eff+ / Reg-
CART0077_RNAseq_NgsRun1_014,72.82874029974751,-16.105588021439804,8.461222872331271,-11.271583913013902,1.1850386400401027,-9.619981644725137,-5.269779932548659,-1.5264498837032656,-0.4401298065675166,2.3619728518687295,-1.5006443026265366,-1.0984445473719466,3.33003582268262,4.8754315466280795,-0.6494608362911019,-1.0979164179301584,0.1807014328211112,-5.024283909878054,-0.2165676310506456,-3.067010516687989,Q4,"""GSM8252559""","""CD4, 24h, RHOG, CART0077_D1""",CD4,24.0,RHOG,CART0077_D1,0.32533317399991696,-0.30905012962719164,-0.17301899263241016,-0.1292354367060503,24.0,0.2159568704907013,0.008998202937112555,-2.500050484487634,Q4: Eff+ / Reg-
CART0077_RNAseq_NgsRun1_015,69.01843182683993,-15.56005560517126,5.612911446221125,-7.485741882577594,0.0851455784421627,-8.105536760119595,6.768905260752926,-4.232094135575736,0.0315426719043533,-0.8984135981595222,1.0520301544170023,-3.1392522079334353,-5.1790958259543745,-3.266304831601117,1.029409076315112,5.048186379896906,-2.223392150034281,-5.371914661097221,1.0239982829273968,2.6302911916588503,Q4,"""GSM8252560""","""CD4, 24h, SafeHarbor, CART0077_D2""",CD4,24.0,SafeHarbor,CART0077_D2,0.19058143874491473,-0.14919657308331774,-0.3662281571260292,-0.14882553818408523,24.0,0.39531266598442066,0.016471361082684193,-2.7556037020958515,Q4: Eff+ / Reg-
CART0077_RNAseq_NgsRun1_016,75.95258297559776,-15.779093659935876,9.6611172138792,-11.891564757378402,-0.708928951957278,-5.762058309582396,6.722010648461382,0.605405494847208,1.4269601462250063,3.444629345208533,4.508273452494991,-0.2640680713731431,-0.6549852111470671,-2.67833036129957,-0.1720087365598055,0.4464529508756136,0.5127469908715049,-5.675515038256411,-4.1006074718460725,-0.8293511586504112,Q4,"""GSM8252561""","""CD4, 24h, RHOG, CART0077_D2""",CD4,24.0,RHOG,CART0077_D2,0.17981664159698485,-0.5858490022055991,-0.27232623013827034,-0.6965041495509644,24.0,0.7478499889436614,0.03116041620598589,-1.9435115035059958,Q3: Eff- / Reg-
CART0077_RNAseq_NgsRun1_017,74.88144465294114,-16.884497925709034,9.560779297937884,-14.743242665103974,-3.9232097789520735,4.834866387720674,-1.3178577163384224,-5.436998963644517,1.584111558247996,2.9655917173498536,4.276497197017027,-1.7150091284713551,2.771572279022997,-4.140946443367524,-1.4478684371358066,0.0155053743911155,-0.1305070733625262,-0.3043957716407536,2.8513469855670817,-0.6690615812163404,Q4,"""GSM8252562""","""CD4, 24h, SafeHarbor, CART0077_D3""",CD4,24.0,SafeHarbor,CART0077_D3,0.13814815486143522,-0.05740669368394789,-0.22093682226402517,-0.5651998321056895,24.0,0.6068475341009676,0.02528531392087365,-1.9434336638195016,Q2: Eff- / Reg+
CART0077_RNAseq_NgsRun1_018,78.44979650319722,-16.40177927894859,9.80526231707952,-15.51202057542655,-4.757469362390321,6.1772644149291285,0.5702784739159208,-1.279994134186765,1.6452379812675595,3.844926862787283,6.785232226479908,0.4622971133821519,4.552839658382488,-8.616466854098862,0.4052423164265322,-3.319107011214417,1.6833479732491206,-2.393678171474949,4.01894747629851,-3.865470947930893,Q4,"""GSM8252563""","""CD4, 24h, RHOG, CART0077_D3""",CD4,24.0,RHOG,CART0077_D3,0.13795905264586933,0.16399460911465705,-0.1598930164183971,0.0025591601151579435,24.0,0.15991349536505298,0.006663062306877208,3.1255885673856185,Q2: Eff- / Reg+
CART0077_RNAseq_NgsRun1_019,71.18369426862301,-15.446135378532048,5.305000643588789,-9.234603122112649,9.312879935945068,-8.951344539910991,-8.132018403486688,-3.020846835264213,-2.4131640058079538,-3.8862172935870656,-5.608541244617415,0.1656849244138299,-1.0042400569987382,7.306986659524339,0.3942941583519071,0.2442179174645333,-0.7564613103602393,3.4040820094585067,1.9201626899570077,0.2918457932382377,Q4,"""GSM8252564""","""CD8, 24h, SafeHarbor, CART0077_D1""",CD8,24.0,SafeHarbor,CART0077_D1,0.8835807869128903,-0.3450131667428133,0.5014212917182552,-0.3612089121146829,0.0,0.6179766904823162,,-0.624266761571096,Q4: Eff+ / Reg-
CART0077_RNAseq_NgsRun1_020,71.02836318726492,-15.73634322456422,5.307377737773928,-10.205411225346758,8.284225916442042,-9.44692024265116,-8.405053360433284,-3.1239532182351453,-2.3942916221574952,-1.7428011662517608,-5.092712223637976,0.9903965417390704,1.1142196178042303,8.231822600341225,0.5219155547719914,-1.9767016838579825,-0.6521844003156377,0.8760845321571876,-0.0991285773434565,-1.4402439743227051,Q4,"""GSM8252565""","""CD8, 24h, RHOG, CART0077_D1""",CD8,24.0,RHOG,CART0077_D1,0.8035884521523725,-0.20576310471477086,0.47825527815245555,0.10328702491242078,0.0,0.4892814329155989,,0.21269958675149547,Q4: Eff+ / Reg-
CART0077_RNAseq_NgsRun1_021,73.37520417907179,-14.62320790196116,6.312399897697206,-7.889101031107193,8.832907454829751,-4.965270944900197,4.758158854937956,-0.798762533841046,-0.9842572742392948,-4.490858376254491,-1.9697252748310228,0.4518981855094776,-6.730717788747675,-0.1097718632981494,1.5158919345503032,3.2229914063963765,-1.5340439241112704,3.3953593642694444,-2.501389201346583,4.720125728840452,Q4,"""GSM8252566""","""CD8, 24h, SafeHarbor, CART0077_D2""",CD8,24.0,SafeHarbor,CART0077_D2,0.8866567528883129,-0.6347673732825219,0.6960753141433982,-0.4855708001992041,0.0,0.848704804373067,,-0.6091024518261188,Q4: Eff+ / Reg-
CART0077_RNAseq_NgsRun1_022,74.64434312519383,-14.951378530511306,7.533701927830876,-10.06112046783194,7.074262975904639,-5.026497969466037,3.8921253673133545,-0.003420340858898,-0.277559357590186,-1.7607804513393823,-0.1552701666084854,1.9819545261156284,-3.5237692888115215,1.686358013804382,0.9886449059225806,-0.3796973455207332,-0.7828180958857138,0.5691444758396644,-5.994060126877129,1.618788717727532,Q4,"""GSM8252567""","""CD8, 24h, RHOG, CART0077_D2""",CD8,24.0,RHOG,CART0077_D2,0.8183921449400673,-0.5199438804135424,0.6385755033430824,0.06590512179205665,0.0,0.6419674123725416,,0.10284235435058894,Q4: Eff+ / Reg-
CART0077_RNAseq_NgsRun1_023,80.1639470351501,-16.68680189948342,10.909149797940056,-14.292123368057313,4.378122952034198,8.739500044193852,-0.359492107995469,1.7172208349082534,2.0688457419942745,-1.408353565519289,-0.7190664837623993,1.5047159859105297,1.0433957244131695,-4.721435650240289,-0.7425711107591875,-1.1162701051477126,0.8454849213074782,7.952750395832229,0.0983125325508968,0.7752034787321826,Q4,"""GSM8252568""","""CD8, 24h, SafeHarbor, CART0077_D3""",CD8,24.0,SafeHarbor,CART0077_D3,0.7362973731552532,-0.4067560983358492,0.598149218293818,-0.3493494046519013,0.0,0.6926958162686876,,-0.528609437595601,Q1: Eff+ / Reg+
CART0077_RNAseq_NgsRun1_024,79.08966430451922,-16.484952188455175,9.98766475292563,-14.307193989114785,3.8060640020723695,9.100144815801864,-0.3900653982120348,1.5476003832816012,2.3625557161441346,-0.347864806377378,0.3366635766459004,1.6615138380102803,1.624053118173001,-5.485061720751316,-1.1885561732482497,-1.456933221313954,1.9006336607554215,6.000280060253669,-1.1041512614653752,0.8228059085224548,Q4,"""GSM8252569""","""CD8, 24h, RHOG, CART0077_D3""",CD8,24.0,RHOG,CART0077_D3,0.7554275169852246,-0.15812578008758907,0.6174684643393553,-0.3221203892022461,0.0,0.6964401263521568,,-0.4808400886268137,Q1: Eff+ / Reg+
CART0077_RNAseq_NgsRun1_025,16.302651756640017,23.17791970537484,-14.044412788569163,23.203115036644313,-10.748891737405442,-16.02654203593456,-14.62911220564832,-14.539902686608034,0.013024037987098,3.179167162287654,1.895560804813039,0.7833234636160076,2.454455302308956,-3.228476665009017,-1.9588066513539293,0.7111439579667994,1.9099569876133295,3.928086137186601,-4.912321764312027,2.231486533086388,Q1,"""GSM8252570""","""CD4, 72h, SafeHarbor, CART0077_D1""",CD4,72.0,SafeHarbor,CART0077_D1,0.15172231123499882,0.29552993805710903,-0.7318584756778915,0.6405431047999224,48.0,0.972580226782496,0.020262088057968666,2.422633477903331,Q3: Eff- / Reg-
CART0077_RNAseq_NgsRun1_026,20.869866844989396,19.794301571108765,-14.396847772898376,22.556573794387106,-8.858108881084693,-15.413501911752563,-14.960577343414876,-14.18963750920128,-1.0794285102219483,2.3709785859330665,1.5881217604047162,2.4928108135270635,4.559292647984841,-2.0170071739829742,-0.5004148945761161,-1.080687564733769,3.646528508530926,0.1014777470612043,-5.086132904387434,0.4733949072537007,Q1,"""GSM8252571""","""CD4, 72h, RHOG, CART0077_D1""",CD4,72.0,RHOG,CART0077_D1,0.19340142221852372,0.20155528354309543,-0.6101870299338488,0.40731838825786626,48.0,0.7336460188077609,0.01528429205849502,2.5529923235969805,Q3: Eff- / Reg-
CART0077_RNAseq_NgsRun1_027,26.525234737162872,21.387129436689005,-10.179211498852556,22.56048029926777,-9.51255589206357,-6.780776214233043,8.944138819747286,-6.809107199715991,-0.2675829905989178,0.5585675010151898,2.851411066049842,-1.04502112535659,-7.447334833756453,-1.9710383787245664,-3.611217359441396,3.1570334113067737,-3.690183723273121,-0.7888155397711102,1.1581320405471554,2.1010754555899944,Q1,"""GSM8252572""","""CD4, 72h, SafeHarbor, CART0077_D2""",CD4,72.0,SafeHarbor,CART0077_D2,0.08266567433038718,0.26892011659852255,-0.8039910785579257,0.9036874898810444,48.0,1.2095671679440705,0.025199315998834803,2.2978794320775195,Q3: Eff- / Reg-
CART0077_RNAseq_NgsRun1_028,37.67586552867428,18.682591307058,-8.04754436807015,21.882542767388056,-9.67653700543042,-3.4281138509503606,8.09014477518774,0.5784428641020339,-1.4405780404747814,3.3081954655805306,8.25807055471823,2.334833977774472,-2.5469665880641816,4.033181032973675,0.7389987602568073,1.2469395597621475,-0.4725234050697006,-2.7874442196658444,-1.782449112282783,0.7976812744241888,Q1,"""GSM8252573""","""CD4, 72h, RHOG, CART0077_D2""",CD4,72.0,RHOG,CART0077_D2,0.21505249864518522,0.09146878014672331,-0.6033396462948821,0.6114126605602658,48.0,0.8589785621798813,0.017895386712080862,2.3495487770128793,Q3: Eff- / Reg-
CART0077_RNAseq_NgsRun1_029,37.76990918176879,20.08259168210106,-6.78587800141641,18.686085994166827,-15.284409812234562,12.009940536577126,-3.0122323907999773,-5.167718653352885,1.2373181716042796,2.4383282487065103,6.564858743461998,-1.1912628434202546,1.714541359454727,3.978277119629345,1.1276166470762896,0.7830155465357842,-4.886867209868738,3.704517922506969,3.040890378113424,0.5053294587080253,Q1,"""GSM8252574""","""CD4, 72h, SafeHarbor, CART0077_D3""",CD4,72.0,SafeHarbor,CART0077_D3,0.20981109018298727,0.5029888466577921,-0.526486282972266,0.9097449449936412,48.0,1.0511059276302441,0.02189804015896342,2.095420711194228,Q2: Eff- / Reg+
CART0077_RNAseq_NgsRun1_030,43.46488227529805,19.340976050982704,-3.570845840304439,14.369563314008497,-15.517663013217703,17.22372647645395,1.5626891386684405,7.783483429514382,2.329116718511949,5.849045001092789,9.046289223887632,-1.7599128190662752,4.88675669785325,6.772068670580955,2.8815846936999776,1.645419013896939,-2.513375759772873,1.0233746697556627,1.7730058157099096,0.531271673590749,Q1,"""GSM8252575""","""CD4, 72h, RHOG, CART0077_D3""",CD4,72.0,RHOG,CART0077_D3,0.1320025024928275,0.38361137187188804,-0.6234250144923971,0.5417371519594771,48.0,0.8259163943814235,0.01720659154961299,2.4261885394890568,Q2: Eff- / Reg+
CART0077_RNAseq_NgsRun1_031,20.849855842299352,20.49900696359421,-16.961056592695545,23.904063441504697,5.9460473320339595,-9.06955435982487,-13.490273504617967,-7.901716378136491,-4.718113076281602,-5.297329640264775,-5.003013073424522,0.6678965453171288,0.1322026231757101,-4.323022783546004,0.4067196144312623,-2.0090004880415475,-0.6884908513414375,2.502874517938388,2.2728767337063944,-2.9250809617424136,Q1,"""GSM8252576""","""CD8, 72h, SafeHarbor, CART0077_D1""",CD8,72.0,SafeHarbor,CART0077_D1,0.8717004440742204,-0.011644511544758419,0.7199781328392216,-0.30717444960186746,0.0,0.7827673053052625,,-0.4032624221867551,Q4: Eff+ / Reg-
CART0077_RNAseq_NgsRun1_032,39.25297269122727,16.8512174045771,-10.54201917209817,24.28909023063761,3.775115587950265,-1.8228376468783136,-7.854059725928757,6.684866248426827,-3.7560036138170743,-1.9338061187808249,-5.043404728320983,2.9747750521903233,2.118005948740981,0.1331572011844521,2.221787157165592,-1.488007540690791,2.6716990228028132,-2.1471912396373916,2.39630327454026,-5.108496723247312,Q1,"""GSM8252577""","""CD8, 72h, RHOG, CART0077_D1""",CD8,72.0,RHOG,CART0077_D1,0.810894969939573,-0.12174886122056598,0.6174935477210493,-0.3233041447636614,0.0,0.6970106537912389,,-0.48232919684822423,Q4: Eff+ / Reg-
CART0077_RNAseq_NgsRun1_033,31.87191074593951,17.24819145079286,-11.937132182849147,23.02838204140009,5.882737967383136,-0.9481209287200052,9.040605762802503,-1.3481262728255312,-3.8340437855069185,-6.288247313271983,-4.541919234429763,0.5395438714863117,-8.140909572620824,-5.082314707685263,-1.6916621644123058,-1.0375304393347669,-1.2669222173159012,-2.400672663174539,4.49851888155543,-1.0189538631285702,Q1,"""GSM8252578""","""CD8, 72h, SafeHarbor, CART0077_D2""",CD8,72.0,SafeHarbor,CART0077_D2,0.868174792714002,0.09280403559811776,0.7855091183836148,-0.1761160810004048,0.0,0.8050102167368716,,-0.22055884436870288,Q4: Eff+ / Reg-
CART0077_RNAseq_NgsRun1_034,51.51730576069542,13.563949307248077,-3.078547384102867,19.800280101369243,3.430990312951475,6.88416465952282,12.352621072234182,16.588634257036833,-1.693991112714718,-1.1265038209531444,-3.087861753152614,2.3091535236542304,-3.192808240969629,-0.2775959394958653,0.5410623927593959,-2.3944643670878594,3.833822803101977,-5.080665293296671,-2.6195218308166432,-0.8671509275957843,Q1,"""GSM8252579""","""CD8, 72h, RHOG, CART0077_D2""",CD8,72.0,RHOG,CART0077_D2,0.77446492881801,-0.11696144597814447,0.5594124301728247,-0.20843022612486778,0.0,0.5969802561176785,,-0.35665415725028476,Q1: Eff+ / Reg+
CART0077_RNAseq_NgsRun1_035,51.00040059918505,15.905601195501102,-1.0136828258970765,17.933574015722094,-0.2008422470685947,22.930615605099913,3.563321776801052,14.019551050827204,0.4737642227163845,-1.1323816711565344,-5.490569595845916,-1.8784884829851156,1.797554047838677,1.7067932986851584,-1.389202130480183,0.1747497715640111,-1.9614911713127696,3.6156316482079487,2.034914147142876,0.8585900933065103,Q1,"""GSM8252580""","""CD8, 72h, SafeHarbor, CART0077_D3""",CD8,72.0,SafeHarbor,CART0077_D3,0.8353619421737832,0.26434565121306985,0.625550851990796,-0.23864319544472223,0.0,0.6695255358524262,,-0.3644508708463605,Q2: Eff- / Reg+
CART0077_RNAseq_NgsRun1_036,52.07092937725087,14.956705178575024,-0.8270828049939836,14.678314549106672,-0.3072207182868229,24.742177269207804,5.256400678107402,18.86808846680164,2.4667341427720166,0.9905462650180552,-5.190826359381757,-2.174521399308403,3.8511642002219832,-0.0730091513318736,-1.4003199345214044,0.7335709429721313,4.563151841551659,-0.2238111703717601,-3.1459763610526945,1.908158937856014,Q1,"""GSM8252581""","""CD8, 72h, RHOG, CART0077_D3""",CD8,72.0,RHOG,CART0077_D3,0.7436238362819271,0.1699084420044728,0.6116213337890996,-0.21370292986741524,0.0,0.6478808518391901,,-0.3361437475547141,Q2: Eff- / Reg+
CART0077_RNAseq_NgsRun1_037,-28.4663244515126,40.46526183270749,5.812718530874339,-13.82371120334574,-10.992816842074824,-12.307156393158916,-6.587736261527396,8.469724066007519,7.169677512206097,4.915796906589815,-3.935291710011133,2.884382023839621,-1.211296270256865,-1.5070616662693368,1.314531778174568,6.294485924295109,1.6707311718539428,0.5258371023902502,0.9796035238656882,-1.4243711181446774,Q2,"""GSM8252582""","""CD4, 168h, SafeHarbor, CART0077_D1""",CD4,168.0,SafeHarbor,CART0077_D1,-1.1101963763585307,0.048308892174734816,-1.9818968204327512,0.05995340371949323,96.0,1.9828034238065562,0.020654202331318292,3.1113513587486263,Q3: Eff- / Reg-
CART0077_RNAseq_NgsRun1_038,-26.90620396793977,41.81420751357344,4.822000381694211,-15.058789718725402,-11.481771073617894,-12.325104975917371,-7.277277326796935,8.718325969923704,6.247803242607892,5.184141916441805,-4.202564587289062,4.715729941449295,-1.723416572538545,-1.1222044681023968,4.742717213429446,2.0787778283014955,1.2710222469384351,-1.043499122058877,0.0905454823839377,1.9428817818800377,Q2,"""GSM8252583""","""CD4, 168h, RHOG, CART0077_D1""",CD4,168.0,RHOG,CART0077_D1,-0.9878588971185694,0.025384145293805838,-1.7987538670581424,0.14713300651437183,96.0,1.8047613681211652,0.01879959758459547,3.059977166659046,Q3: Eff- / Reg-
CART0077_RNAseq_NgsRun1_039,-29.97116132347853,38.332398541940776,2.412124804072477,-13.068599374927114,-8.03492127223858,-8.98877065828739,15.081468725170277,-2.2804890960720443,3.4406083220965127,4.780556827146658,-2.9841126908534257,0.2522957973206718,-1.55525687799178,0.5884334768651867,-8.581861746652647,1.6901300003022053,0.5946406416589032,2.312500264094838,1.072004338629186,-6.05927089830528,Q2,"""GSM8252584""","""CD4, 168h, SafeHarbor, CART0077_D2""",CD4,168.0,SafeHarbor,CART0077_D2,-1.13317205837652,-0.4031674348436038,-2.001346851090522,-0.4959714704417215,96.0,2.0618867373990435,0.021477986847906704,-2.898667890907281,Q3: Eff- / Reg-
CART0077_RNAseq_NgsRun1_040,-23.317414420280375,44.6726936820451,-1.8712784557353233,-17.851508905142545,-9.287395417397848,-10.328701257050566,11.882732405388404,-2.1377233182460396,2.964152211002701,4.808108532548768,-1.098111276861902,4.076798436651657,-2.81846477198752,4.286764221232482,-3.68227534429537,-5.937896380284884,2.5990554072970813,1.8042978492696724,1.7307940915076736,4.0307577950352105,Q2,"""GSM8252585""","""CD4, 168h, RHOG, CART0077_D2""",CD4,168.0,RHOG,CART0077_D2,-1.082426669904991,-0.22656811189883194,-1.856891598723001,-0.10960666592068748,96.0,1.8601236600350826,0.019376288125365442,-3.082634104299087,Q3: Eff- / Reg-
CART0077_RNAseq_NgsRun1_041,-27.204364829472137,39.83330139468538,6.063740259529741,-13.868431980084422,-17.051135287691565,10.46003011635874,-2.0843497218363396,-6.300246866463448,8.254635654410697,0.669914865442297,-5.182787598219423,-2.754156203341879,-3.606284354618784,-0.7408312991657098,3.1270232458758476,-2.157099438088946,-3.0928887717660536,-0.3110836337922029,-0.5268106833873168,-3.5801963737817597,Q2,"""GSM8252586""","""CD4, 168h, SafeHarbor, CART0077_D3""",CD4,168.0,SafeHarbor,CART0077_D3,-1.0366377879621607,0.4643357151967492,-1.871999730135944,0.19999006398367936,96.0,1.8826521227569482,0.019610959612051542,3.035164009192982,Q2: Eff- / Reg+
CART0077_RNAseq_NgsRun1_042,-19.185906724748516,41.11928646471573,-4.615323159895649,-13.77905600547454,-17.614599312468975,9.769643865467588,-3.0649812002670274,-8.687388311066963,8.53406509086353,-2.480114919209796,-1.797869646737429,-7.1697619128562335,-4.398492139311778,0.1992838065651933,4.315745060917332,-7.2812597803402035,-0.5436058662940573,-0.496068448199606,-0.0080051209983931,1.0885068318417033,Q2,"""GSM8252587""","""CD4, 168h, RHOG, CART0077_D3""",CD4,168.0,RHOG,CART0077_D3,-0.7967892358926209,0.4218925170841194,-1.540413072174548,0.2519840750796466,96.0,1.5608870577399168,0.0162592401847908,2.9794466249291385,Q2: Eff- / Reg+
CART0077_RNAseq_NgsRun1_043,-30.89572889489976,38.17394490201617,-3.857635004005777,-12.899557393587834,15.76204772740818,-5.1368078935503405,-9.502454067737558,10.279179889703064,-4.399567124084547,-1.3995930375961214,1.92579102078634,1.0870518899465162,3.17058084721568,-2.0280629392195224,3.0976777228979,6.530467137483395,-1.9252420836681765,0.0971990923997468,1.8554401580516704,-0.1899942895602028,Q2,"""GSM8252588""","""CD8, 168h, SafeHarbor, CART0077_D1""",CD8,168.0,SafeHarbor,CART0077_D1,0.34056294376931984,-0.45301518228402626,1.4507593201278506,-0.501324074458761,0.0,1.534935970185648,,-0.33271370525884364,Q4: Eff+ / Reg-
CART0077_RNAseq_NgsRun1_044,-28.778566977282747,39.570363518646445,-5.473354229280418,-15.14570210316285,13.026325896540952,-5.823609007217905,-10.240024882886596,10.996309917499246,-4.445902124265641,-1.8319260124623904,1.288734522738079,2.1981929540843033,3.0692534035919325,-2.142061578750004,6.330737942981241,2.4991107440462974,-1.0055498278061237,-1.9081482685718645,0.1573930433268238,3.941356514347005,Q2,"""GSM8252589""","""CD8, 168h, RHOG, CART0077_D1""",CD8,168.0,RHOG,CART0077_D1,0.2521512749891242,-0.520792177339367,1.2400101721076937,-0.5461763226331728,0.0,1.3549663473074334,,-0.4148931720623358,Q4: Eff+ / Reg-
CART0077_RNAseq_NgsRun1_045,-33.970414717541814,36.15411104804067,-6.570914082680914,-12.449092125758495,19.64988452562115,-2.146596017935498,11.709215337620323,-0.0627030195520214,-7.96940955951926,-1.008180216541323,4.3187660032607225,0.0652790501431332,1.8007816910428285,0.3648740766508524,-6.674230681660813,3.3719749356746003,0.7796185421470951,2.2312022325484806,0.0541953140174876,-4.7027722542107195,Q2,"""GSM8252590""","""CD8, 168h, SafeHarbor, CART0077_D2""",CD8,168.0,SafeHarbor,CART0077_D2,0.337369479615338,-0.4036854892573505,1.4705415379918578,-0.0005180544137466936,0.0,1.4705416292440803,,-0.00035228817339138374,Q4: Eff+ / Reg-
CART0077_RNAseq_NgsRun1_046,-26.719371013211617,42.559987777931156,-13.100759399882095,-18.836725426822916,15.380789392811913,-4.350729748507366,9.195962658598312,0.5024464255232666,-9.638314552083528,-4.634946625617014,7.763105130085544,4.810179746864498,1.5306445634953665,1.9676869190067383,-1.192329256017184,-6.298815509081829,3.7944979557428176,-0.1402292924635902,3.599097640343172,4.742762379927723,Q2,"""GSM8252591""","""CD8, 168h, RHOG, CART0077_D2""",CD8,168.0,RHOG,CART0077_D2,0.2955437042455897,-0.5312059781405272,1.3779703741505807,-0.3046378662416952,0.0,1.4112429208272346,,-0.21757756653671714,Q4: Eff+ / Reg-
CART0077_RNAseq_NgsRun1_047,-32.23943596390797,35.61992399293742,-3.627576695177901,-13.971879485413773,12.061127435745393,18.327901481691505,-3.424217453745777,-5.834150205221118,-4.06888028973716,-3.4357562636092855,-0.5610069098792487,-5.824426445405284,1.8709445807731184,0.0267355736743515,-2.8472880775462297,3.3957188055933902,-3.657149528612433,-1.4883715893470115,-5.554488777229136,-3.5151345670263336,Q2,"""GSM8252592""","""CD8, 168h, SafeHarbor, CART0077_D3""",CD8,168.0,SafeHarbor,CART0077_D3,0.37492726175732255,0.1882990944838832,1.4115650497194832,-0.276036620712866,0.0,1.4383018130990954,,-0.19311653807671683,Q1: Eff+ / Reg+
CART0077_RNAseq_NgsRun1_048,-25.464941547771257,37.86546501527657,-13.712559823541456,-15.235739954298731,9.401651162400968,17.19158303074869,-4.146493441347695,-6.531790908094679,-2.8773959370261406,-8.257093853146346,2.1411454996181676,-7.514603424362035,1.933530805569528,-0.084508062008035,0.2324443566880564,-2.795491751732963,-0.9409559479483288,-2.5918239339460056,-4.05351989001117,1.2065752206604772,Q2,"""GSM8252593""","""CD8, 168h, RHOG, CART0077_D3""",CD8,168.0,RHOG,CART0077_D3,0.4898375558249313,0.22876751730247688,1.2866267917175522,-0.19312499978164252,0.0,1.301040263291671,,-0.14898950786143395,Q1: Eff+ / Reg+
CART0077_RNAseq_NgsRun1_049,-48.86914542840918,-12.052677078930463,34.35997923449208,8.122950219227068,-10.902516174823717,-10.293064466943324,-7.031425792777224,10.85777680121143,2.1983636072417423,-8.16853889011266,3.4487270144066535,-0.5346086712128423,0.099151474989333,-0.2694893050297892,-4.060185693672154,-1.4647054177170915,-4.167364013111149,-0.0086095260269765,-1.379467659539643,0.386125986649221,Q3,"""GSM8252594""","""CD4, 240h, SafeHarbor, CART0077_D1""",CD4,240.0,SafeHarbor,CART0077_D1,-1.144223322257376,0.04427985344448465,-1.484786266026696,0.4972950357285109,72.0,1.5658520390961974,0.021747944987447185,2.818408469837446,Q3: Eff- / Reg-
CART0077_RNAseq_NgsRun1_050,-50.87504975196946,-13.911110245033898,32.257018111607145,6.651622791462139,-11.429087063959802,-9.808530289017728,-8.21553835397281,11.8145609208184,0.3710896420385009,-7.126876946851825,5.4209509614215925,1.4067432195862108,-2.7494444993021245,-0.3983927690289188,-3.1181030493943536,-2.4269103303728143,-0.9895078656258433,0.3699064916297518,-2.64674469501903,-1.1544877789183003,Q3,"""GSM8252595""","""CD4, 240h, RHOG, CART0077_D1""",CD4,240.0,RHOG,CART0077_D1,-1.1692506009640282,-0.022917992345121364,-1.4214018759531524,0.4978741849942456,72.0,1.5060750303510198,0.020917708754875274,2.804677476656809,Q3: Eff- / Reg-
CART0077_RNAseq_NgsRun1_051,-44.85184415941343,-8.740237600776604,26.38870255010114,8.18780941250025,-6.897073452328841,-9.013410426782263,15.243061630848848,-2.8698527246705523,1.9565942141759625,-3.8830127257996847,-2.484341375493663,0.3188610466181593,6.908255966972505,0.9833067890121572,-1.3425580428600117,2.807098465422754,-2.0213849191761075,1.4422848435393685,-0.7906455814244695,0.5674478407091749,Q3,"""GSM8252596""","""CD4, 240h, SafeHarbor, CART0077_D2""",CD4,240.0,SafeHarbor,CART0077_D2,-1.135776607583519,-0.17204121825828442,-1.4731460871988569,0.23164427099906607,72.0,1.4912472841604745,0.020711767835562146,2.9856251602617863,Q3: Eff- / Reg-
CART0077_RNAseq_NgsRun1_052,-39.52451176751285,-5.911356458457345,23.51637877374911,11.142979244838978,-6.005402701186875,-9.736192416517389,14.757693167452532,-4.524415073885959,5.205408887005042,-5.091167871901015,-4.656169906513669,2.117860166866636,10.198457653999164,-1.571861418408976,1.2405403055838724,-0.7783859415753451,-3.7617190721157856,-2.754785081755718,0.3265003353326373,1.8248054735932349,Q3,"""GSM8252597""","""CD4, 240h, RHOG, CART0077_D2""",CD4,240.0,RHOG,CART0077_D2,-0.8809565520234077,-0.09414944834215304,-1.1765002562689975,0.4370565297983741,72.0,1.2550582708545504,0.017431364872979867,2.785903947023028,Q3: Eff- / Reg-
CART0077_RNAseq_NgsRun1_053,-47.7225976539839,-14.221477715257189,28.671783032095806,2.9590380396018943,-15.803446414626771,11.746180488301908,-3.1489557647373676,-5.644601458151469,-0.2348118051690609,-8.421157996547533,3.420592284873782,2.870215562393456,-1.7309961812143035,2.623822506859746,0.5952425348484015,2.387807635327494,5.845916839257687,0.3073715035979074,2.1647830174922,-1.7167204287212503,Q3,"""GSM8252598""","""CD4, 240h, SafeHarbor, CART0077_D3""",CD4,240.0,SafeHarbor,CART0077_D3,-1.3342188059164073,0.09718131702798713,-1.7091460676737298,-0.09111777745589608,72.0,1.7115731740165467,0.023771849639118704,-3.088331201893049,Q2: Eff- / Reg+
CART0077_RNAseq_NgsRun1_054,-43.49095526327324,-12.573427204107263,26.064580495329498,5.088136009453182,-13.97535086830019,11.333326330741254,-2.6432531936421664,-8.39013634513926,1.434444221399361,-7.2729457418537855,0.4997884450601095,1.2330508647054923,-0.1059288970295556,1.3826944712856557,0.4746088952344011,2.33492891453108,7.686409571301499,-2.092889872336559,1.844872163398471,1.2437878133129596,Q3,"""GSM8252599""","""CD4, 240h, RHOG, CART0077_D3""",CD4,240.0,RHOG,CART0077_D3,-1.1034481866711527,0.5800060226441165,-1.593285742496084,0.3512385053416396,72.0,1.6315415853958264,0.022660299797164257,2.9246139636925035,Q2: Eff- / Reg+
CART0077_RNAseq_NgsRun1_055,-49.68551364163155,-10.173227030691116,23.96094522823648,10.811430521190236,21.15397409046432,-3.417917460082303,-8.649803772992128,6.55316878294837,0.3692268825702309,7.031185640105106,1.8703242790520729,-3.3039631492269,-3.1846859192872623,-0.6763456735910747,-0.1799635357967218,-3.2152947386480193,-3.34222952978279,1.602855662992016,1.7356799478640126,0.7839240593672862,Q3,"""GSM8252600""","""CD8, 240h, SafeHarbor, CART0077_D1""",CD8,240.0,SafeHarbor,CART0077_D1,0.36118170975663944,-0.2733903547901327,1.5054050320140155,-0.31767020823461734,0.0,1.5385573345224883,,-0.2079686814782177,Q4: Eff+ / Reg-
CART0077_RNAseq_NgsRun1_056,-50.2438592230931,-12.54402927998668,22.57846974881943,10.975147106537742,20.193410127708304,-3.4605118462508653,-11.016567763050531,8.97138764510842,0.3685253823471927,3.832288201684571,5.250196224025731,0.862282388524698,-5.366779427755414,-1.1465124111304943,2.232407144817088,-4.051046627113261,-3.2609557467332335,0.9207883709045008,0.053494553182164,-2.795541791026551,Q3,"""GSM8252601""","""CD8, 240h, RHOG, CART0077_D1""",CD8,240.0,RHOG,CART0077_D1,0.39318167919012037,-0.038309390971277404,1.5624322801541486,-0.01539139862615604,0.0,1.5625080880492623,,-0.009850603438484937,Q4: Eff+ / Reg-
CART0077_RNAseq_NgsRun1_057,-45.80245442230913,-7.445410609418699,16.662711152762345,10.459936417942265,23.747282755962715,-2.2964259809584857,12.301271768822287,-6.222635410823377,-1.3264690762419018,8.09592737719307,-2.3449455250719757,-1.6863838775763147,1.1924701643297018,0.3880551170728734,1.1676582942397713,0.0629356200308422,-0.2897006150928507,2.3315198952056986,-1.1112630337518328,1.0166407576728853,Q3,"""GSM8252602""","""CD8, 240h, SafeHarbor, CART0077_D2""",CD8,240.0,SafeHarbor,CART0077_D2,0.44249161559712885,-0.6242854883262521,1.5782682231806477,-0.45224427006796764,0.0,1.6417842318986706,,-0.27906715911635793,Q4: Eff+ / Reg-
CART0077_RNAseq_NgsRun1_058,-38.43578151353348,-3.997871896931633,14.023529767784993,13.143306780297944,22.30343778510569,-4.576224258384186,11.847941975653525,-9.283874593435709,0.7431270560239471,4.943963455594393,-4.779241576848908,-0.5600108749470548,6.013096594035523,-1.8444650130767823,2.6407756855166387,-4.153661241378763,-2.2092381641550656,-2.766151070062711,1.3532709778057177,2.340022336542929,Q3,"""GSM8252603""","""CD8, 240h, RHOG, CART0077_D2""",CD8,240.0,RHOG,CART0077_D2,0.4126909404058466,-0.3374562220546789,1.2936474924292543,-0.24330677371252585,0.0,1.3163289941359249,,-0.18590636629215876,Q4: Eff+ / Reg-
CART0077_RNAseq_NgsRun1_059,-48.92531675086148,-11.184342710183556,20.862481649290014,6.555313080747489,18.182659167016,19.10907960723092,-4.834355705751789,-9.86666182757276,-2.186641757014427,6.6099269113675305,0.042650035526379,0.2281130220378117,-4.84489242775055,1.7690425920990922,1.0291682209793511,2.5729712247210177,3.914653378720196,0.7234358571228676,-0.0705241820728869,-0.2132401991797425,Q3,"""GSM8252604""","""CD8, 240h, SafeHarbor, CART0077_D3""",CD8,240.0,SafeHarbor,CART0077_D3,0.3253094735472398,0.3382478331075722,1.6595282794636472,0.2410665160795851,0.0,1.676945787887707,,0.1442530873510004,Q1: Eff+ / Reg+
CART0077_RNAseq_NgsRun1_060,-44.696600417879765,-9.781559283677792,17.959389418383317,7.831505313519866,17.851147108234933,18.182529784427008,-4.553165576700722,-11.852288403631489,-0.5825904079318227,5.4040168437127125,-1.2979048855734208,-0.7647403913984291,-2.539986735430801,0.4777416648712031,0.4947272408332199,2.524518228527374,4.671673864382323,-1.9605986810046576,0.0201514393664406,1.264936131284356,Q3,"""GSM8252605""","""CD8, 240h, RHOG, CART0077_D3""",CD8,240.0,RHOG,CART0077_D3,0.3625167471245832,0.4431170080685015,1.465964933795736,-0.13688901457561498,0.0,1.4723422799845896,,-0.09310810481455503,Q1: Eff+ / Reg+
