sample_id,GSM,title,cell_type,hours,guide,donor,PC1,PC2,PC3,PC4,PC5,PC6,PC7,PC8,PC9,PC10,PC11,PC12,PC13,PC14,PC15,PC16,PC17,PC18,PC19,PC20
CART0077_RNAseq_NgsRun1_001,"""GSM8252546""","""CD4, 0h, SafeHarbor, CART0077_D1""",CD4,0,SafeHarbor,CART0077_D1,-36.608979626139515,-31.024520742926704,-11.759580183838915,-2.347379030442331,-14.99968712360787,-9.153061999665459,-2.2598495617804613,7.54789201662875,-5.554880801799072,2.444652656394962,-1.783244498422475,-8.906769729940274,3.175437203081054,-1.2206325624311083,-3.4167507251741673,-0.9736833755703278,-2.6297598291556863,0.3045928835224916,0.6693436196729198,3.5325761377861817
CART0077_RNAseq_NgsRun1_002,"""GSM8252547""","""CD4, 0h, RHOG, CART0077_D1""",CD4,0,RHOG,CART0077_D1,-38.726879078048746,-31.195909337030688,-10.533219462663498,-3.0041448680582943,-15.452616139287608,-7.87510516116969,-2.3345744487804465,9.496644482817697,-6.437116441358228,3.754927396085775,-1.7875563044881417,-5.944061867193441,1.3342722503081665,-0.6405308975417804,-2.797774025382945,-2.614059553773501,-2.3494281206705354,-0.28400389714964364,-1.4338590175426444,1.2296875690778069
CART0077_RNAseq_NgsRun1_003,"""GSM8252548""","""CD4, 0h, SafeHarbor, CART0077_D2""",CD4,0,SafeHarbor,CART0077_D2,-30.944237138486017,-29.247542395151296,-16.600241218324186,-0.46199183876879873,-11.289209602126668,-9.726801191007432,11.78796160302755,-3.6841162976279995,-3.6604948945177864,-2.790931192668493,0.5125766726428597,-6.63677272032075,1.5662469643595354,-1.4282282181844643,6.346484148938626,2.799048117521738,-2.150188672450355,2.857537694949798,2.9668535350254057,-0.38426561605451126
CART0077_RNAseq_NgsRun1_004,"""GSM8252549""","""CD4, 0h, RHOG, CART0077_D2""",CD4,0,RHOG,CART0077_D2,-39.02863096789431,-31.262182414083778,-11.640998566866328,-3.2575251639630878,-14.18381731261294,-6.049384705942215,12.044974276568535,2.6465796882533223,-7.590086118750098,2.380307674908459,-1.192829151536881,-1.0656611246116783,-0.9635583471415917,1.4899299779339155,4.656183550261963,-0.55928602326367,0.7210920207861428,2.4263617149786953,-3.8930786286520367,-3.277491573382485
CART0077_RNAseq_NgsRun1_005,"""GSM8252550""","""CD4, 0h, SafeHarbor, CART0077_D3""",CD4,0,SafeHarbor,CART0077_D3,-39.389333725675435,-32.215398522717784,-9.875385092562835,-7.902223431495454,-21.83466933336898,12.375365121796108,-1.9410113493014995,-1.475372549629323,-10.674327022522672,2.4841615052268304,-2.5043125035070437,4.270356657535177,-1.5019219828026145,-1.6248594350698873,1.2132621090460434,-0.3045626625720586,2.625937540392826,-0.8615738122531236,1.8189059748625707,-0.19825420513381029
CART0077_RNAseq_NgsRun1_006,"""GSM8252551""","""CD4, 0h, RHOG, CART0077_D3""",CD4,0,RHOG,CART0077_D3,-41.41042736071543,-32.971196368892045,-8.200994726830295,-8.9855934286837,-22.42056491607911,13.196184497351405,-1.5599929038704061,-0.1483991194565725,-12.132194651678105,3.8576345118923236,-3.083391304390438,4.41525021225731,-2.3183032827638885,-0.23866088249843884,0.8645388436584561,0.10891676294646835,3.39292840322501,0.27508176338928136,-0.5938070618234813,-0.5182935384294871
CART0077_RNAseq_NgsRun1_007,"""GSM8252552""","""CD8, 0h, SafeHarbor, CART0077_D1""",CD8,0,SafeHarbor,CART0077_D1,-31.184271257091584,-31.69757491028234,-28.260155107245907,1.0868022874971854,10.74986805136167,-5.050863954211519,-5.9750766758023985,6.532588071029954,8.938087073507099,-1.1400002864786392,1.3260933438703575,-3.3368710772659376,1.176997883090072,0.7605898803180212,-3.7331504599313736,-0.07071925102015353,-1.2566000873707612,-0.7124410275128743,2.796442295274805,1.7768676869096889
CART0077_RNAseq_NgsRun1_008,"""GSM8252553""","""CD8, 0h, RHOG, CART0077_D1""",CD8,0,RHOG,CART0077_D1,-32.13359733727664,-31.46804742467802,-27.87407284781356,0.050970870504392564,10.199620804469047,-4.621336564529709,-5.951783953892647,7.148780185239502,8.446498693069314,1.121055223098426,-0.05879735119071569,-2.343515364227841,1.2435267085830433,0.2619992513714221,-4.120551430744461,-1.2621862166728786,-1.4750608735183366,-2.134614096421525,-0.028908037353270178,1.1100649425099471
CART0077_RNAseq_NgsRun1_009,"""GSM8252554""","""CD8, 0h, SafeHarbor, CART0077_D2""",CD8,0,SafeHarbor,CART0077_D2,-29.00761371554449,-30.41105502746914,-30.704952958615596,1.710287520108944,12.377316061944562,-5.336508140778442,8.324291556997705,-2.863259198908393,9.16896081294276,-5.1882668809555135,4.43524676529125,-0.8785931608204071,-0.9255890465323878,1.0272758897346623,5.141670187024554,1.042262369170181,-2.512018354329558,2.5351408835824585,1.4214304189705629,-2.8905338999057593
CART0077_RNAseq_NgsRun1_010,"""GSM8252555""","""CD8, 0h, RHOG, CART0077_D2""",CD8,0,RHOG,CART0077_D2,-32.843124311808346,-31.371437988897156,-29.597909079315524,-0.6101014654497009,9.983799492388563,-3.7298928932107844,8.486590136263107,0.9302560800485175,7.607248374226698,-1.1787174579416553,3.100753187215672,3.8277033081447014,-1.118011276378841,2.1595448912275357,4.345219554189232,-2.2319565646557282,0.1718355997479921,0.6401469979849659,-3.578927930884745,-4.616083223439701
CART0077_RNAseq_NgsRun1_011,"""GSM8252556""","""CD8, 0h, SafeHarbor, CART0077_D3""",CD8,0,SafeHarbor,CART0077_D3,-34.24528249514775,-32.642086411919514,-26.168246147627826,-5.114997270625936,2.575815621532193,15.104771975017954,-4.845495716136827,-3.2240999821525502,5.385745874328461,-0.7843160101081685,-1.5949976976542621,7.0101383039680005,-0.8992205485891965,-0.46145717368044165,-3.917901901989758,2.5282441452693583,3.5140710284253163,-1.596040206105292,0.5529494265604742,2.0634062722532174
CART0077_RNAseq_NgsRun1_012,"""GSM8252557""","""CD8, 0h, RHOG, CART0077_D3""",CD8,0,RHOG,CART0077_D3,-34.77258510874342,-33.16414994323112,-26.533481293278605,-5.580488631350562,2.146724779793506,15.306014397382507,-4.816440387090093,-2.8721983532929527,4.656893547429375,-0.11828624654031714,-2.0414633611751967,7.486343803940868,-0.9392187056735029,-0.45748805671757053,-3.5000011823992194,2.2610799434083257,2.288107764952308,-1.5986548559405602,-0.5888386054883461,1.8846378698735526
CART0077_RNAseq_NgsRun1_013,"""GSM8252558""","""CD4, 24h, SafeHarbor, CART0077_D1""",CD4,24,SafeHarbor,CART0077_D1,65.26082679788591,-14.600114796275284,4.6818183588072,-9.066668346679357,0.8095594767708063,-12.669619704017075,-8.509831612748265,-6.468936445219691,-2.0235426627349153,0.40002023426683836,-1.158227075510517,-1.868772620735427,1.4339094632664524,5.9674905716152065,-1.2427640820786114,1.4133604799093074,0.8246524621532463,-3.6187411208496623,3.6964771079611336,-1.6627658428736871
CART0077_RNAseq_NgsRun1_014,"""GSM8252559""","""CD4, 24h, RHOG, CART0077_D1""",CD4,24,RHOG,CART0077_D1,71.64419880372088,-15.509440702806753,8.345246823673593,-11.024881130937315,0.8745973364016794,-9.197864979911328,-5.135605412895127,-0.8466448800873537,-0.414365120393082,2.323138016630722,-1.5455058858596071,-0.29645699887376786,3.4562163519972215,4.525314064230916,-0.8197219867658808,-1.1487126754915045,0.45445210633158417,-4.811772795317463,-0.0012972575857422366,-3.059645804705424
CART0077_RNAseq_NgsRun1_015,"""GSM8252560""","""CD4, 24h, SafeHarbor, CART0077_D2""",CD4,24,SafeHarbor,CART0077_D2,67.92204138156873,-15.002882279080943,5.600901235965982,-7.215866826860229,-0.22992908859428374,-8.16080891426087,5.866854858054212,-4.632861378038628,-0.04587641479758505,-0.8541665906081216,1.1398631980162637,-4.233023505227195,-4.327019693877937,-2.954870962981585,0.5889399992658203,5.5306937718811895,1.024651332541085,-5.13506715006025,1.1660938408605317,2.3016268627321863
CART0077_RNAseq_NgsRun1_016,"""GSM8252561""","""CD4, 24h, RHOG, CART0077_D2""",CD4,24,RHOG,CART0077_D2,74.73636745537316,-15.166905308374762,9.521343403207101,-11.497296834724542,-1.041758293657701,-5.762167453035478,6.404957044090294,0.09211686176875489,1.4031745927504915,3.6154888844059565,4.279699630759293,-0.3021180910969768,-0.5492015185976103,-2.587529223865256,0.005089884087198944,0.3702023783531844,-0.11820636034366264,-5.418902567633369,-4.200965876585998,-0.5007405584742429
CART0077_RNAseq_NgsRun1_017,"""GSM8252562""","""CD4, 24h, SafeHarbor, CART0077_D3""",CD4,24,SafeHarbor,CART0077_D3,73.7558170479366,-16.198046297450823,9.376955173870211,-14.182398625565693,-4.084040967929204,4.885548903310517,-1.8463881676307885,-5.176238511490401,1.4918515067899563,3.1194148411984908,4.092927822071924,-0.9050355678754209,2.8775942996432233,-4.096754211650045,-1.0819702365122197,0.12589357995825304,0.3196617750250346,-0.30328787672782453,3.0402375036928713,-1.086074615468702
CART0077_RNAseq_NgsRun1_018,"""GSM8252563""","""CD4, 24h, RHOG, CART0077_D3""",CD4,24,RHOG,CART0077_D3,77.18603190097596,-15.835050686338107,9.573904907280594,-14.917609099326937,-4.891898377241732,6.272218036659206,0.5939634756196482,-1.5338317981326468,1.5657831126400814,4.13637547972236,6.496893468850042,1.3734991207836345,4.092402357827745,-8.269908355697043,1.2965342520336327,-3.168962827692097,-0.2647191664338281,-2.3443160635175486,3.7756715104391056,-3.5478765999138404
CART0077_RNAseq_NgsRun1_019,"""GSM8252564""","""CD8, 24h, SafeHarbor, CART0077_D1""",CD8,24,SafeHarbor,CART0077_D1,70.01551462880775,-14.839822292595846,5.249778822177905,-9.271064184805903,8.961578906747464,-8.629582142059427,-8.192491464003675,-1.9549431358044516,-2.307719934870988,-4.089540522002317,-5.320608044044568,-0.1264694627901892,-0.9232176474973431,7.069909032907177,-0.1710350591027371,0.24587539407034184,0.2633777376603887,3.2115037212505073,2.011341306568935,0.25121188282510204
CART0077_RNAseq_NgsRun1_020,"""GSM8252565""","""CD8, 24h, RHOG, CART0077_D1""",CD8,24,RHOG,CART0077_D1,69.88421543906904,-15.129460390086122,5.235295118999817,-10.190508176900595,7.9171249372299854,-9.102527581201434,-8.459831166329797,-2.0239399648759036,-2.2520083190881373,-1.871444334407906,-4.935184760071802,1.0937720950696945,0.9969415274371205,7.865817016787357,0.043796546528280696,-1.7990490642211499,0.9234762101122326,0.8413994308998596,-0.08028418410228465,-1.2118746046444384
CART0077_RNAseq_NgsRun1_021,"""GSM8252566""","""CD8, 24h, SafeHarbor, CART0077_D2""",CD8,24,SafeHarbor,CART0077_D2,72.20839550614295,-14.05145244585446,6.240586943030539,-7.7332653417457,8.59223850405088,-5.155554071295373,4.211098298807518,-1.0901277721077858,-0.9145489752801941,-4.596802120750631,-1.773572308369513,-0.9965283901064891,-6.524165009385174,0.07815006558463715,1.1095416812997183,3.3623163878878723,0.15148245883933242,3.3871158573068954,-2.6303534422891635,4.528065132286464
CART0077_RNAseq_NgsRun1_022,"""GSM8252567""","""CD8, 24h, RHOG, CART0077_D2""",CD8,24,RHOG,CART0077_D2,73.44577009150579,-14.341901128729752,7.446106796144102,-9.88235563029503,6.776201392008323,-5.10119554685072,3.4961807488061867,-0.14766612611792987,-0.25932913708100347,-1.7918760344249427,-0.17606701535806824,1.1888703951432196,-3.6501527775715177,1.722128048468432,0.8163607008165851,-0.16674881524265284,0.7056162327408126,0.7327021829874558,-6.297845258334664,1.9902868608022348
CART0077_RNAseq_NgsRun1_023,"""GSM8252568""","""CD8, 24h, SafeHarbor, CART0077_D3""",CD8,24,SafeHarbor,CART0077_D3,78.87397022258375,-16.049823489452137,10.750145893038365,-13.898585239088732,4.242164740930347,8.749910284807227,-0.017688025629834358,1.5164910210023648,2.003670677827138,-1.4591598007879207,-0.64810841058965,1.6282788772463215,0.6699425822715609,-4.596706624940271,-0.3485599452179637,-1.3940012828584905,-1.006228416232256,7.597780120307194,0.0035792554201414376,0.8471521111149987
CART0077_RNAseq_NgsRun1_024,"""GSM8252569""","""CD8, 24h, RHOG, CART0077_D3""",CD8,24,RHOG,CART0077_D3,77.82991169506477,-15.830286885385362,9.828951645745263,-13.86559249859815,3.6800567412611773,9.100876022964119,-0.031511805451328236,1.3500228812312056,2.34881006639865,-0.3737891080980194,0.3694503477105341,1.9632095764707949,1.104534981534851,-5.338864844970003,-0.5227038688775589,-1.9296226465412236,-1.7221378142072457,5.647229041420685,-1.2194554045752837,0.9686530518785319
CART0077_RNAseq_NgsRun1_025,"""GSM8252570""","""CD4, 72h, SafeHarbor, CART0077_D1""",CD4,72,SafeHarbor,CART0077_D1,15.71350387555196,22.691584250002162,-13.8422500415643,22.436674564796583,-10.477505711637518,-15.522772935422944,-15.910469756157813,-12.253169626222768,0.18373026689998642,3.1762545499666714,1.722862945974107,1.438235176413251,2.012003202863001,-3.2453107162956165,-1.339261893675801,-0.04500556700933863,-1.8831040733528028,3.716102566333707,-4.524296093199797,1.7475393905040062
CART0077_RNAseq_NgsRun1_026,"""GSM8252571""","""CD4, 72h, RHOG, CART0077_D1""",CD4,72,RHOG,CART0077_D1,20.17432549483982,19.392334628176283,-14.199331755217562,21.736528873793965,-8.638868839162347,-14.987529563380145,-16.28653067636142,-11.895476654170773,-1.0093173268295934,2.4972413833487854,1.4103883016926753,3.495767803814661,3.7846375641825656,-2.008343730522574,0.2935527251412214,-1.9136544000336866,-2.827404813020895,-0.20194338589233396,-4.610746540053663,0.23382787221042753
CART0077_RNAseq_NgsRun1_027,"""GSM8252572""","""CD4, 72h, SafeHarbor, CART0077_D2""",CD4,72,SafeHarbor,CART0077_D2,25.889204835252926,20.9869055476275,-10.069500309991689,22.00967155573586,-9.134238672842285,-7.121410602842547,7.475567336358682,-7.269662421980894,-0.21496376912277132,0.534066120863982,2.7766209518001332,-2.254961220673625,-6.728881181749314,-1.8706037231705535,-3.886360532726035,3.670226147178193,2.4576599401499006,-0.40309192049416914,1.0426267297134622,1.9668033429826162
CART0077_RNAseq_NgsRun1_028,"""GSM8252573""","""CD4, 72h, RHOG, CART0077_D2""",CD4,72,RHOG,CART0077_D2,36.80604589369136,18.30018578551869,-8.049829985200397,21.483974152092475,-9.233032876481518,-3.636678957017394,7.46728391292978,-0.06207987438112851,-1.396475484227487,3.6601215440402877,7.717384430881228,1.7796655605572738,-2.8829867042488497,4.008700897045959,0.5077299612636055,1.3488819896750552,0.03727060185446909,-2.451397685405728,-2.005539789989776,1.3206313700437027
CART0077_RNAseq_NgsRun1_029,"""GSM8252574""","""CD4, 72h, SafeHarbor, CART0077_D3""",CD4,72,SafeHarbor,CART0077_D3,36.91748864344514,19.66264406424621,-6.846240772879184,18.531992677600552,-14.587972060032186,11.740487753783599,-3.398618443972445,-4.829261517225026,1.191513352357954,2.707112984079572,5.939196213618565,-0.7977744065706163,1.5239950023266382,4.0537972829196995,0.4942539698858294,2.0108254136865615,3.8357673527251817,3.8358402527906894,2.953428355840497,0.4471893354430941
CART0077_RNAseq_NgsRun1_030,"""GSM8252575""","""CD4, 72h, RHOG, CART0077_D3""",CD4,72,RHOG,CART0077_D3,42.542061080408494,18.89272219184378,-3.7993230262005824,14.441609070626638,-14.786973908999217,17.02976193003367,2.632417363445851,7.1474594042938,2.2226326337885673,6.20498181878913,8.261249280906776,-0.7312450609781129,4.7451283751038345,6.799274080999735,2.255430999285566,2.3479131462293754,1.5517536808111612,1.3558530496695178,1.517520066154171,0.7938312232805097
CART0077_RNAseq_NgsRun1_031,"""GSM8252576""","""CD8, 72h, SafeHarbor, CART0077_D1""",CD8,72,SafeHarbor,CART0077_D1,20.088029924756036,20.048153031736383,-16.728626933189155,22.90408800370901,6.167078093958095,-8.90902983586766,-13.926964293032215,-6.215953787335516,-4.434853682797126,-5.341249775154744,-4.525173333751006,0.5106810024994073,0.030561622694832334,-4.2607204045852685,0.5019319195669598,-1.482536880073695,0.8523191831872634,2.3488625597424226,1.9255306998341504,-2.626766666088587
CART0077_RNAseq_NgsRun1_032,"""GSM8252577""","""CD8, 72h, RHOG, CART0077_D1""",CD8,72,RHOG,CART0077_D1,38.269911309411135,16.55173054542995,-10.428690996549982,23.42506040584018,4.178615746051619,-1.601879528752488,-6.698880148242557,7.2413200831515825,-3.567641687238815,-2.0044314559923486,-4.829823537573958,2.8590124746364984,1.468906721636196,0.11815082893425255,2.287163803030311,-1.9401241177469186,-2.0380662378419183,-2.5047983713194184,2.293586617224362,-4.454766531445378
CART0077_RNAseq_NgsRun1_033,"""GSM8252578""","""CD8, 72h, SafeHarbor, CART0077_D2""",CD8,72,SafeHarbor,CART0077_D2,31.130227028110657,16.925402893401646,-11.841532748238665,22.293245975800478,6.228750017037782,-1.560612502543562,8.328918878486913,-2.201744492798167,-3.6817182853774546,-6.497331317149457,-3.9952989312781284,-1.090505888419837,-7.552834238067104,-4.96627720280807,-1.5055457984958822,-0.6091836548387994,1.6085910979739364,-2.245637915313044,4.276627271977362,-1.0812094192010875
CART0077_RNAseq_NgsRun1_034,"""GSM8252579""","""CD8, 72h, RHOG, CART0077_D2""",CD8,72,RHOG,CART0077_D2,50.446893582842385,13.386274429059993,-3.271417573029118,19.34106615050071,3.941631357172462,6.444200077026588,13.747487469535892,14.66374884372739,-1.6859501518419953,-1.2943356173917036,-2.847825907708066,1.462031716048285,-3.2113788058035726,-0.4426749985551113,0.8042132418030713,-3.25818581597032,-2.463629338866357,-5.110026550892839,-2.5847093593644876,-0.6191139752529364
CART0077_RNAseq_NgsRun1_035,"""GSM8252580""","""CD8, 72h, SafeHarbor, CART0077_D3""",CD8,72,SafeHarbor,CART0077_D3,50.051161883467444,15.695270543620783,-1.3027486147484428,17.759897528229857,0.5502680745198704,22.343062571773842,5.363138796794486,12.681316561513267,0.4700651615498349,-1.3483121510712244,-5.283633202074033,-1.3539422384499833,2.0436548133261105,1.4705648635029345,-1.5358417088895915,0.5930146233911172,1.3823910181317072,3.464437197865478,1.92145479439643,0.35054253923731243
CART0077_RNAseq_NgsRun1_036,"""GSM8252581""","""CD8, 72h, RHOG, CART0077_D3""",CD8,72,RHOG,CART0077_D3,51.019448355684474,14.6797833458936,-1.1204588974718197,14.54072750522601,0.40918069419360914,24.229641056707084,7.67388902743899,17.142010186389502,2.1549752490764273,0.6871436878523194,-4.846528593397443,-1.2094751119438207,4.069683135891693,-0.19743430314647697,-1.0510801062205497,-0.7813636981672772,-3.8092399524437868,-0.5389285328635038,-2.3421842668957007,1.1905985369223753
CART0077_RNAseq_NgsRun1_037,"""GSM8252582""","""CD4, 168h, SafeHarbor, CART0077_D1""",CD4,168,SafeHarbor,CART0077_D1,-28.287477325017036,39.0628800448826,5.778270739297172,-13.542928319524801,-11.35869383186197,-11.16176250725767,-5.277471247957972,9.142972034755076,6.918265338345085,4.521590471190495,-4.109920432439316,1.9887282744255341,-1.7556870421628956,-1.3506610198283842,1.0824627975309253,5.13104001971419,-3.4443427945107556,0.36876999282605183,0.9601967613995981,-1.518209566497965
CART0077_RNAseq_NgsRun1_038,"""GSM8252583""","""CD4, 168h, RHOG, CART0077_D1""",CD4,168,RHOG,CART0077_D1,-26.771653253111236,40.34819581393633,4.77448245398605,-14.78375214935873,-11.837651539850404,-11.183231681601002,-5.874866234475617,9.468796035935176,6.043969878474951,4.757024431530838,-4.513394738610476,3.422567691193821,-2.724446068525248,-0.8188201198862631,4.651685789547241,1.7491839515537688,-1.5770691241376906,-0.8999211792043932,0.28052393978938617,1.5069286246264295
CART0077_RNAseq_NgsRun1_039,"""GSM8252584""","""CD4, 168h, SafeHarbor, CART0077_D2""",CD4,168,SafeHarbor,CART0077_D2,-29.53538880692621,37.048965322157606,2.319077894943833,-12.65604829317765,-8.401456311660972,-8.995684807240927,14.032940195371934,-3.641883105207657,3.4726744016748516,4.2869504394318945,-2.9154902952213226,0.3270818426097607,-1.3454893282507685,0.00847784423333147,-8.288249157114334,0.8286081738178814,-1.564597513514308,1.9099567900821266,0.717041093148302,-5.312212679005076
CART0077_RNAseq_NgsRun1_040,"""GSM8252585""","""CD4, 168h, RHOG, CART0077_D2""",CD4,168,RHOG,CART0077_D2,-23.02580659087997,43.27984342088641,-2.0161636608333353,-17.388408580154596,-9.72648679644087,-10.27910964390722,10.818817204191467,-2.9913213183390073,3.0110031129401205,4.369566658257765,-1.2958256988571417,3.7130476104138403,-3.3629063576718723,3.70365199026948,-3.0953716489177663,-6.227618289365236,-0.865579693700696,1.5289812577778223,1.9235006226727942,3.5376783402420506
CART0077_RNAseq_NgsRun1_041,"""GSM8252586""","""CD4, 168h, SafeHarbor, CART0077_D3""",CD4,168,SafeHarbor,CART0077_D3,-26.835758010013844,38.44484036839651,5.7737093638632695,-13.146911516489416,-16.93346291824571,10.285269978173828,-2.4847386765075985,-5.937614699054543,7.96908997445226,0.11617758188360211,-4.898101609519656,-3.5559424059531,-2.904650697354212,-0.5259999472596734,2.6158430409179587,-0.982486237967135,3.413313437686781,-0.2907469095024436,-0.6030819623341221,-3.2617586760769557
CART0077_RNAseq_NgsRun1_042,"""GSM8252587""","""CD4, 168h, RHOG, CART0077_D3""",CD4,168,RHOG,CART0077_D3,-19.032208747528777,39.75294416143013,-4.709504678173463,-13.163269718528097,-17.529412123825864,9.643130601005081,-3.7180815105949754,-8.158382783001292,8.323646913642,-2.853310117335887,-1.3704045244563714,-7.723729710125874,-2.63665507134446,0.4477901332720103,3.8606531123169634,-6.3638551692438865,2.783902619633313,-0.5237038372915096,-0.029594359739713902,1.2732944926047205
CART0077_RNAseq_NgsRun1_043,"""GSM8252588""","""CD8, 168h, SafeHarbor, CART0077_D1""",CD8,168,SafeHarbor,CART0077_D1,-30.871424673131905,36.853331862032974,-3.6749466031920703,-13.062822378072962,15.222409399316811,-4.519277399966927,-7.811719156298569,10.96750348757479,-4.262366515221261,-1.0022607570888817,1.7275994552947314,1.0772156618550273,2.627331646827055,-1.6703047454916933,2.6852678599923543,6.764167698804386,0.011713565079184357,0.2791980009377468,1.4203385315835104,-0.05248536146362618
CART0077_RNAseq_NgsRun1_044,"""GSM8252589""","""CD8, 168h, RHOG, CART0077_D1""",CD8,168,RHOG,CART0077_D1,-28.711560539454176,38.18184191438455,-5.3796647619276055,-15.161100544539,12.51110597949014,-5.19722344478691,-8.529315517867438,11.814634991063224,-4.348618574689125,-1.480832873874858,1.1607228571378134,2.101079075132111,2.3359654495011797,-1.7375037562103253,6.177092668169652,3.103091453792531,0.6552890431662033,-1.655627688257247,0.008539787085382666,3.7042905519945286
CART0077_RNAseq_NgsRun1_045,"""GSM8252590""","""CD8, 168h, SafeHarbor, CART0077_D2""",CD8,168,SafeHarbor,CART0077_D2,-33.7171942878027,34.93598383386916,-6.416064572591083,-12.459331503050034,19.08300859909456,-2.603627183343477,11.090120187253975,-1.2999906438071307,-7.77658216742475,-0.599889106980283,4.291157842893199,0.8112994877655584,1.7627067180858205,0.01394523307094019,-6.370231496736288,2.3649210812373007,-1.9505151644938346,1.9916061423153177,0.010339787449599035,-4.209333046533114
CART0077_RNAseq_NgsRun1_046,"""GSM8252591""","""CD8, 168h, RHOG, CART0077_D2""",CD8,168,RHOG,CART0077_D2,-26.650510040200537,41.18178041396844,-12.943469880308813,-18.723551096556328,14.782779159673714,-4.714132164737128,8.57578625214518,-0.31105667094582784,-9.371449962255848,-4.020176030131091,7.530776803223587,5.376482817875116,0.585160157261722,1.5855267377990578,-0.27717539511044936,-6.596138627518054,-1.5132067356169268,-0.32474304209810306,3.790127395468224,4.345010196741753
CART0077_RNAseq_NgsRun1_047,"""GSM8252592""","""CD8, 168h, SafeHarbor, CART0077_D3""",CD8,168,SafeHarbor,CART0077_D3,-31.867859273649174,34.412970384515866,-3.740867238977277,-13.693490515324129,11.933158879283766,17.613314680023922,-3.6102252791186107,-5.628907813606915,-4.027825620371788,-3.156524082661278,-0.18254491142331628,-4.745732504011673,2.9426349458026233,0.1360226727114982,-3.275640951568184,3.7965622617211743,2.2022991209076928,-1.043191834241606,-5.393105409544508,-3.3646154908976786
CART0077_RNAseq_NgsRun1_048,"""GSM8252593""","""CD8, 168h, RHOG, CART0077_D3""",CD8,168,RHOG,CART0077_D3,-25.367101141774203,36.58168104967852,-13.654585644847453,-15.000037385084314,9.284140344770737,16.63890951604596,-4.415642679252642,-6.274261496933385,-2.86977331675305,-7.846936264048373,2.649897435794007,-6.319671259673815,3.367166500485126,0.08359389736107406,0.03691598634722697,-2.2281331469163486,1.9148899785824973,-2.3428456962102047,-3.817298885529365,1.0533644773996143
CART0077_RNAseq_NgsRun1_049,"""GSM8252594""","""CD4, 240h, SafeHarbor, CART0077_D1""",CD4,240,SafeHarbor,CART0077_D1,-47.7220328278961,-11.6410648150327,33.661738049370165,8.176535296057375,-10.63382340907813,-9.23196565100517,-5.502237557823515,11.245649881290909,2.034128127149566,-7.622146751710495,3.7219912816891276,0.012345164994055824,0.3238914435819388,-0.3589966508816303,-3.7463859990463666,-0.19412582581214957,4.039642581233403,0.3572365414157508,-0.8103010539539409,-0.2650369350027698
CART0077_RNAseq_NgsRun1_050,"""GSM8252595""","""CD4, 240h, RHOG, CART0077_D1""",CD4,240,RHOG,CART0077_D1,-49.73735068743017,-13.512025663319626,31.70967365599008,6.752996906266499,-11.195759106135265,-8.716906382522863,-6.62352365566746,12.326436011672657,0.21361152999790217,-6.603722075341108,5.5337039350232,1.2798886737122739,-2.6937414300663627,-0.40279040547916806,-2.814401281580163,-2.0614109177423066,1.567170289009116,0.24263032530403744,-1.8479000955346083,-1.6457406464622906
CART0077_RNAseq_NgsRun1_051,"""GSM8252596""","""CD4, 240h, SafeHarbor, CART0077_D2""",CD4,240,SafeHarbor,CART0077_D2,-43.78619620482272,-8.200076036478581,25.856551292424037,8.211743232450443,-6.8604259571287765,-9.044569690219006,13.843976544045542,-4.1266247401630745,1.836247320680142,-3.7018953884635084,-2.2354065013438458,1.8001331009858579,6.416767530352245,0.9089219802221199,-1.4459470829282433,3.1230061999175294,0.7302647418686913,1.4457438371044613,-0.8918381700598647,0.5051767559737239
CART0077_RNAseq_NgsRun1_052,"""GSM8252597""","""CD4, 240h, RHOG, CART0077_D2""",CD4,240,RHOG,CART0077_D2,-38.76827487552787,-5.569048132658246,23.006086419172252,10.991717181393469,-5.957282440169046,-9.7354599651239,13.266707579601487,-5.627931658259998,4.891393620294844,-4.897013428336117,-4.307115181352819,3.834501441717166,9.191489262224344,-1.447684209074409,1.4693453129869571,0.7591326012767704,3.799134800474237,-2.0886542837140523,-0.09833784580155176,2.135428506754809
CART0077_RNAseq_NgsRun1_053,"""GSM8252598""","""CD4, 240h, SafeHarbor, CART0077_D3""",CD4,240,SafeHarbor,CART0077_D3,-46.56339217769579,-13.663977765404526,28.076020391323805,3.367091690281446,-15.269756485213916,11.39431229590583,-3.503861248764917,-5.1430953029112425,-0.30267856678296157,-7.864561724053961,3.5662515269833577,2.3918222526441406,-1.9630164904645748,2.3555666134680786,0.6225848972153911,0.42613585549562055,-5.938209174011763,-0.30527222561777284,1.5748173309235234,-0.9210031279075045
CART0077_RNAseq_NgsRun1_054,"""GSM8252599""","""CD4, 240h, RHOG, CART0077_D3""",CD4,240,RHOG,CART0077_D3,-42.418652708769365,-12.024508523643632,25.515469378941436,5.365322124077459,-13.483175366078697,10.98517497531796,-3.2664441039652994,-7.8839201357829305,1.23462470390501,-7.000556602081521,0.8266045449562899,1.115020096393113,-0.09165541984663898,1.1411654168235663,0.7625734503439277,0.05507517205101057,-7.246361963136687,-2.5012768705100936,1.377597445043642,1.545699836958881
CART0077_RNAseq_NgsRun1_055,"""GSM8252600""","""CD8, 240h, SafeHarbor, CART0077_D1""",CD8,240,SafeHarbor,CART0077_D1,-48.51739801626057,-9.55072125164242,23.39634646503897,10.192354470081003,20.874435750620883,-3.1614741575764187,-7.453444619011878,7.0462644942628785,0.5949349810192275,6.607162085097162,1.4887486725005514,-3.6963603357829364,-2.433079516159388,-0.6923757598183546,-0.3036457863255035,-1.903956270240084,3.80684362659227,1.685356068432398,1.534677889254371,0.7480047508041082
CART0077_RNAseq_NgsRun1_056,"""GSM8252601""","""CD8, 240h, RHOG, CART0077_D1""",CD8,240,RHOG,CART0077_D1,-49.32506245107517,-12.058620665476797,22.2929263042822,10.287306435820529,19.979215885546555,-3.002538961273563,-9.433739254993085,9.711110153756751,0.3344095904873511,3.888127588435872,4.765493404341133,-0.4468806605711582,-5.230954216579979,-0.8318848516959485,1.9094294917016068,-2.741050339396038,4.209762433930265,1.0256218806176214,0.14522751155984792,-2.4024072958328397
CART0077_RNAseq_NgsRun1_057,"""GSM8252602""","""CD8, 240h, SafeHarbor, CART0077_D2""",CD8,240,SafeHarbor,CART0077_D2,-44.82103633607149,-6.786026995008867,16.35692701590468,9.767551961312057,23.345988812283245,-3.0487139027852908,10.792087888398571,-7.268517306285285,-1.1884256170958412,7.654615171463755,-2.5503791345980757,-1.489418911853811,1.2270826422940235,0.444473456996024,0.9698953655248801,-0.03266455127669173,0.24451039740857036,2.218473090808735,-0.7526072001862408,0.7376176710666528
CART0077_RNAseq_NgsRun1_058,"""GSM8252603""","""CD8, 240h, RHOG, CART0077_D2""",CD8,240,RHOG,CART0077_D2,-37.72873456384698,-3.5419924249046906,13.645604686721203,12.36520671288534,21.987965241112434,-5.241461991158657,10.066369300054944,-10.172557417720762,0.7778521859026563,4.683842784069389,-4.8302978990102226,0.4326643422536139,5.668556552877308,-1.6991514225928108,2.8283775662932125,-2.775018370889106,3.4955465582925727,-2.242489747894132,1.1930340611045709,2.4523863365381704
CART0077_RNAseq_NgsRun1_059,"""GSM8252604""","""CD8, 240h, SafeHarbor, CART0077_D3""",CD8,240,SafeHarbor,CART0077_D3,-47.76325528037883,-10.45334577509914,20.334921358674073,6.160821166821993,18.22357809651756,18.057902899637185,-5.434628406576307,-9.320780546921638,-1.9881698352780148,6.291808292448182,-0.23241519180836262,-0.8973861534937881,-4.796372588150067,1.7480619388294525,0.8620712387974094,1.04115182256354,-4.491133567738522,0.39415515795603207,-0.05053879115006162,-0.4621191077236083
CART0077_RNAseq_NgsRun1_060,"""GSM8252605""","""CD8, 240h, RHOG, CART0077_D3""",CD8,240,RHOG,CART0077_D3,-43.69107193626057,-9.070553608316908,17.43561478824121,7.400944744715639,17.88419253181681,17.103270888756324,-5.353404816302521,-11.203763931409554,-0.5021916163689844,5.0918180880586394,-1.4707090245462435,-1.3330180689121571,-2.3010308674614155,0.48819485889172287,0.5019270886996824,0.8592318973002924,-4.8845709005325455,-2.131703858348452,0.12363804162243683,1.0705980754380953
